Mass_1, Separation, Mass_2, Metallicity_2, Metallicity_1, Eccentricity
6.315356911428311, 0.3417853026987567, 3.986500930112062, 0.0142, 0.0142, 0.0
5.04333061888461, 0.21101597358222446, 4.949774665995015, 0.0142, 0.0142, 0.0
12.580261906781024, 89.42872084913381, 12.457552407500678, 0.0142, 0.0142, 0.0
28.68440303481515, 53.77986733333247, 10.484633703773197, 0.0142, 0.0142, 0.0
5.609576038437567, 45.94931700874685, 1.262999958977061, 0.0142, 0.0142, 0.0
8.827988472016932, 3.6765438275352, 4.560631336502378, 0.0142, 0.0142, 0.0
5.122859637915219, 0.056360927026719694, 1.2472638023415028, 0.0142, 0.0142, 0.0
7.322472130829985, 64.14747971821379, 3.834721850486887, 0.0142, 0.0142, 0.0
8.083810226263457, 0.5173342031249792, 7.307638056056041, 0.0142, 0.0142, 0.0
8.341016819675216, 0.09336436407602054, 6.674002282558928, 0.0142, 0.0142, 0.0
6.818994748675823, 0.4423617558190828, 5.451186194476974, 0.0142, 0.0142, 0.0
6.140414162828602, 0.8508362403349502, 3.0998727245180473, 0.0142, 0.0142, 0.0
7.014528302742375, 0.9753643903951418, 5.14565747112996, 0.0142, 0.0142, 0.0
21.9526534922701, 95.78792233209964, 8.758691855688486, 0.0142, 0.0142, 0.0
22.34302077825598, 0.2697275439765097, 16.979724219886126, 0.0142, 0.0142, 0.0
5.796515707980511, 0.10790841275557497, 4.0020706293128985, 0.0142, 0.0142, 0.0
15.773185842530962, 0.08441657433779896, 9.224590941375101, 0.0142, 0.0142, 0.0
5.937952464288794, 0.3676403897615133, 3.7462677794536035, 0.0142, 0.0142, 0.0
12.723213448093393, 16.67995082156852, 2.791169130064248, 0.0142, 0.0142, 0.0
6.716031513571281, 8.000025807035165, 4.815355119964119, 0.0142, 0.0142, 0.0
16.3430895651276, 0.13388085202897687, 14.315871580248569, 0.0142, 0.0142, 0.0
9.424036409811372, 6.4622775882130385, 6.695417762600992, 0.0142, 0.0142, 0.0
26.62057169218294, 1.645367493603486, 6.029229325921596, 0.0142, 0.0142, 0.0
43.69712072506183, 3.2916919914868066, 34.62142144460778, 0.0142, 0.0142, 0.0
5.469684167055559, 0.03236420274970069, 1.3496547270674708, 0.0142, 0.0142, 0.0
23.717995549164538, 7.254194426123321, 10.545074503234307, 0.0142, 0.0142, 0.0
5.19790289586298, 0.07596398237514052, 2.3941891133527604, 0.0142, 0.0142, 0.0
6.298395848434952, 4.154628228879492, 4.158988592105521, 0.0142, 0.0142, 0.0
15.090129628034125, 0.6680924571359564, 9.8971795334242, 0.0142, 0.0142, 0.0
6.030610983978784, 0.32273951880554674, 1.6966310090689014, 0.0142, 0.0142, 0.0
6.07464874503711, 1.0116901398352593, 3.6349520357486553, 0.0142, 0.0142, 0.0
14.040450656395137, 3.0401961912137336, 8.131556234151487, 0.0142, 0.0142, 0.0
13.911000843574831, 2.41337707910126, 11.94139333811281, 0.0142, 0.0142, 0.0
8.655265204745664, 0.2586516729521265, 8.284751011273267, 0.0142, 0.0142, 0.0
5.353600065526203, 3.3456336711229024, 3.5705461938328624, 0.0142, 0.0142, 0.0
5.543658071884751, 23.999778535691387, 2.3588482619587596, 0.0142, 0.0142, 0.0
6.081953456480651, 0.04964882643959387, 1.9632064791348633, 0.0142, 0.0142, 0.0
5.966052311743457, 20.696852880617644, 4.56106656303437, 0.0142, 0.0142, 0.0
6.372039065486434, 74.28788911780264, 5.946555748315526, 0.0142, 0.0142, 0.0
12.25678192158003, 1.7361087303863387, 2.6219657149722964, 0.0142, 0.0142, 0.0
7.858217667651679, 0.12019477343041787, 6.99022442736392, 0.0142, 0.0142, 0.0
6.985115052017968, 0.057839500423982455, 4.965168735079391, 0.0142, 0.0142, 0.0
16.0981485005028, 1.44960979358837, 11.197617829534876, 0.0142, 0.0142, 0.0
9.163030002040802, 14.895705747678916, 4.260026788249879, 0.0142, 0.0142, 0.0
5.2869735080328395, 4.270072407443692, 4.4924510013667485, 0.0142, 0.0142, 0.0
6.160403163480723, 21.930318875789034, 3.4112023815221857, 0.0142, 0.0142, 0.0
7.213580199945403, 1.8783672546555925, 1.7616462853198895, 0.0142, 0.0142, 0.0
30.2059325143903, 0.3708290611802168, 19.688156770141784, 0.0142, 0.0142, 0.0
6.64407940307767, 55.292582452161795, 4.635349739642156, 0.0142, 0.0142, 0.0
5.41049407866209, 0.04463243847215815, 3.18029796687582, 0.0142, 0.0142, 0.0
6.307347341857566, 0.3165054760805296, 6.180488768284658, 0.0142, 0.0142, 0.0
6.401606972063984, 16.938543424481065, 2.597774811249209, 0.0142, 0.0142, 0.0
7.0845183617704075, 5.553261563863852, 5.9142062969028055, 0.0142, 0.0142, 0.0
6.738728823898548, 0.29718086390324355, 2.1737173141742843, 0.0142, 0.0142, 0.0
7.826110934722788, 0.15898076388199228, 1.8288535122809104, 0.0142, 0.0142, 0.0
5.310919477273905, 24.598139216664105, 2.0807803153970332, 0.0142, 0.0142, 0.0
5.483454999343038, 0.14167788646150478, 2.378759552526811, 0.0142, 0.0142, 0.0
10.042633321879176, 0.5121869907633736, 8.888720097343088, 0.0142, 0.0142, 0.0
6.188002375469918, 0.12432359361862311, 1.751063357316532, 0.0142, 0.0142, 0.0
8.305808321361088, 0.6801057590165644, 4.078220886719432, 0.0142, 0.0142, 0.0
6.139377598972626, 0.07089090508405199, 4.084746400017698, 0.0142, 0.0142, 0.0
7.134465128412403, 1.0518869612638373, 4.725457786755628, 0.0142, 0.0142, 0.0
5.646430380253955, 0.49332195752693375, 1.397263614452005, 0.0142, 0.0142, 0.0
9.943714679848057, 15.073887903359473, 5.5639633105041915, 0.0142, 0.0142, 0.0
5.558950303182689, 1.6591045150327395, 4.9141118855796515, 0.0142, 0.0142, 0.0
13.650783552929656, 7.079228708934645, 11.94363209202591, 0.0142, 0.0142, 0.0
9.019078948570085, 0.2875951780682798, 5.957615961717653, 0.0142, 0.0142, 0.0
11.598521098932137, 60.86652033471979, 4.573200673416148, 0.0142, 0.0142, 0.0
17.396813070333224, 0.062387800779444114, 7.440408624283457, 0.0142, 0.0142, 0.0
6.187038463207002, 0.19615554361702553, 3.4666528811032373, 0.0142, 0.0142, 0.0
9.01208437315277, 30.189254330722456, 5.920883278322478, 0.0142, 0.0142, 0.0
10.085878730993796, 0.40516661775507345, 6.307136548483886, 0.0142, 0.0142, 0.0
9.228781864661435, 0.06631027382486013, 6.89271227666154, 0.0142, 0.0142, 0.0
37.28955218599198, 22.975866131710053, 24.43176913635203, 0.0142, 0.0142, 0.0
8.892723224128037, 0.04284457871379619, 5.065314547593978, 0.0142, 0.0142, 0.0
19.791691216419338, 21.240845932128398, 4.455946642275518, 0.0142, 0.0142, 0.0
12.232617789819251, 1.9487861204140666, 4.6001038450649485, 0.0142, 0.0142, 0.0
7.686181890301234, 0.3699456080664458, 1.6704926147722887, 0.0142, 0.0142, 0.0
5.250547635613882, 54.74309052497901, 4.111426927548443, 0.0142, 0.0142, 0.0
11.738547201050585, 25.917791752910606, 8.822988856047223, 0.0142, 0.0142, 0.0
5.2059783802319295, 0.04122598785487001, 1.4987424262438362, 0.0142, 0.0142, 0.0
6.526778163544115, 0.2678590968534734, 5.544226564314965, 0.0142, 0.0142, 0.0
10.024580918129386, 0.07378243616825494, 3.4227812486568285, 0.0142, 0.0142, 0.0
15.335110518400024, 0.21504581902547437, 7.329850047046396, 0.0142, 0.0142, 0.0
6.835139973345617, 3.3447583967587566, 5.684259860305072, 0.0142, 0.0142, 0.0
17.795838455244198, 35.940382739714025, 6.461065289482, 0.0142, 0.0142, 0.0
6.142158727299933, 3.88686761075514, 4.093160791981499, 0.0142, 0.0142, 0.0
23.01225442813034, 0.9576194685654331, 20.07086206046962, 0.0142, 0.0142, 0.0
6.268192231149519, 9.309372444883602, 5.727069423583797, 0.0142, 0.0142, 0.0
9.262448729309241, 1.7451989404287214, 9.150171144888787, 0.0142, 0.0142, 0.0
10.993138602185148, 0.4375447162900984, 4.598730048836759, 0.0142, 0.0142, 0.0
5.794649452541076, 6.755481131065674, 4.325222983536204, 0.0142, 0.0142, 0.0
5.572239821455166, 0.051337727280256255, 2.242592280239252, 0.0142, 0.0142, 0.0
8.041862745589805, 0.08093120197431787, 3.0025735814179404, 0.0142, 0.0142, 0.0
5.568491558637697, 0.477924263199092, 4.646116137221271, 0.0142, 0.0142, 0.0
14.23630823426901, 0.6444150507502279, 12.877468850048107, 0.0142, 0.0142, 0.0
15.152392131694597, 0.18107673692654333, 5.945545612541408, 0.0142, 0.0142, 0.0
17.356593913415487, 0.221862155554768, 16.34516610308277, 0.0142, 0.0142, 0.0
5.1041275442747915, 54.88021688578348, 1.2587195065182832, 0.0142, 0.0142, 0.0
9.551381670415118, 0.1985574738981895, 3.983148983851352, 0.0142, 0.0142, 0.0
8.613741175870498, 0.03154172612931066, 1.7557551643387659, 0.0142, 0.0142, 0.0
6.916918451759839, 17.882300184222075, 1.4766438487966633, 0.0142, 0.0142, 0.0
11.926368441686147, 45.87198368442274, 5.764546706133642, 0.0142, 0.0142, 0.0
18.92175945265201, 9.606830159586243, 9.470377495296734, 0.0142, 0.0142, 0.0
5.090593369131716, 0.4911405788935874, 3.6120191231812107, 0.0142, 0.0142, 0.0
7.4218040594956225, 0.46685883703996983, 1.7183037348796801, 0.0142, 0.0142, 0.0
5.8588819007284485, 0.05712658120403685, 4.932701213145167, 0.0142, 0.0142, 0.0
9.443585522326016, 0.03853772473659336, 2.988206597351031, 0.0142, 0.0142, 0.0
11.051342457055537, 0.3905357421531528, 7.747342716361085, 0.0142, 0.0142, 0.0
14.888282891274836, 23.139110624771945, 11.61295437327302, 0.0142, 0.0142, 0.0
16.928403829801766, 0.22270145896694082, 3.8159365694542307, 0.0142, 0.0142, 0.0
5.737072307912367, 25.09977467870125, 5.153184652925635, 0.0142, 0.0142, 0.0
6.948627872355272, 73.7669030425211, 5.316447772253979, 0.0142, 0.0142, 0.0
10.10059278611132, 2.4363362542543796, 5.152023323571092, 0.0142, 0.0142, 0.0
7.657891184603343, 3.862695173967584, 2.2855184773937736, 0.0142, 0.0142, 0.0
5.4351333017761165, 3.220645341895003, 1.297884064234662, 0.0142, 0.0142, 0.0
5.419962107868585, 5.278363972926757, 4.74511639354836, 0.0142, 0.0142, 0.0
5.560127142840751, 10.015632636916266, 2.9881581917610864, 0.0142, 0.0142, 0.0
20.441673566512396, 2.2629420928381707, 18.76403427206872, 0.0142, 0.0142, 0.0
17.535457059255943, 0.32620984916608486, 10.752590358050705, 0.0142, 0.0142, 0.0
5.112945627489588, 75.13172427155476, 4.427662437298091, 0.0142, 0.0142, 0.0
29.52623947844745, 25.129785104108873, 15.008412506915752, 0.0142, 0.0142, 0.0
6.208860750570772, 0.6767349151137915, 6.152599077942263, 0.0142, 0.0142, 0.0
11.95066565577263, 20.264521367811962, 5.874416136913212, 0.0142, 0.0142, 0.0
5.889677096617504, 30.07589851361775, 2.3557989935797456, 0.0142, 0.0142, 0.0
8.601229416655155, 0.6103642275594853, 4.095930737378535, 0.0142, 0.0142, 0.0
10.136180333602422, 36.913079402380724, 3.8796870176772766, 0.0142, 0.0142, 0.0
8.166722819034563, 0.04887316035097861, 1.936603443721696, 0.0142, 0.0142, 0.0
7.93921255932419, 0.9483459128260665, 2.485855387218727, 0.0142, 0.0142, 0.0
8.963891834308845, 31.134425741060628, 8.784586074501542, 0.0142, 0.0142, 0.0
10.693957078336037, 2.344300302682897, 8.172573994352767, 0.0142, 0.0142, 0.0
16.13810171832991, 1.8460713060324796, 5.673155291737227, 0.0142, 0.0142, 0.0
5.198728165680931, 2.8381468101938037, 4.120615794886349, 0.0142, 0.0142, 0.0
7.029370745380288, 0.46720084707288667, 5.269107941964711, 0.0142, 0.0142, 0.0
27.87069470129086, 24.66463924913486, 6.881503479876544, 0.0142, 0.0142, 0.0
5.120838592866982, 0.056459626551276385, 1.388399219740505, 0.0142, 0.0142, 0.0
5.450217582902548, 0.06382317911256483, 2.849903730030307, 0.0142, 0.0142, 0.0
5.341663948548714, 3.2436009427521824, 1.086092419831485, 0.0142, 0.0142, 0.0
6.3220213856753205, 0.9398000313336141, 2.368356863224188, 0.0142, 0.0142, 0.0
17.720564671414014, 55.103542299007195, 9.911964713097413, 0.0142, 0.0142, 0.0
13.841029759101808, 6.001880812312863, 3.8886808043756593, 0.0142, 0.0142, 0.0
5.60624612199562, 54.769854453925056, 2.80718290478152, 0.0142, 0.0142, 0.0
8.280594734930936, 5.2218935789893886, 5.848293050544064, 0.0142, 0.0142, 0.0
17.58522290718119, 64.4417831148721, 4.3519451467253845, 0.0142, 0.0142, 0.0
6.372213860406445, 67.51475530056139, 3.584413832321372, 0.0142, 0.0142, 0.0
11.20473276743191, 2.57330608804916, 7.20811859644081, 0.0142, 0.0142, 0.0
5.290564140436543, 1.907492542339488, 4.734077540895676, 0.0142, 0.0142, 0.0
11.820137467768264, 4.68575396331415, 9.490653736239825, 0.0142, 0.0142, 0.0
34.05138540277674, 3.790888505579596, 7.186057177326592, 0.0142, 0.0142, 0.0
30.168975035228424, 74.47569488874628, 23.554920573586912, 0.0142, 0.0142, 0.0
8.810677465422371, 7.096201527809434, 7.4615829257552, 0.0142, 0.0142, 0.0
11.878499248538638, 0.14602394795103546, 3.517207584352986, 0.0142, 0.0142, 0.0
7.7994591598179746, 1.4349365293718794, 7.073400662525211, 0.0142, 0.0142, 0.0
9.145553753215884, 1.512923822231688, 3.7363856430663884, 0.0142, 0.0142, 0.0
8.699870832118664, 0.9150182964631871, 6.005044369675331, 0.0142, 0.0142, 0.0
8.75495095036432, 6.067852747141398, 6.428702702027109, 0.0142, 0.0142, 0.0
5.911577404408208, 7.634858787266871, 5.588775965656226, 0.0142, 0.0142, 0.0
5.27114232749043, 0.0324615598775976, 2.077947707332268, 0.0142, 0.0142, 0.0
8.875746128494013, 10.919573790376155, 5.975902958674554, 0.0142, 0.0142, 0.0
37.21049456909154, 20.581545309733237, 7.6897313782043275, 0.0142, 0.0142, 0.0
18.77334458484064, 0.12947459483603493, 9.986100808776891, 0.0142, 0.0142, 0.0
11.667491190077927, 1.8582082711522874, 5.469618581120656, 0.0142, 0.0142, 0.0
17.121185348291856, 7.302281949470248, 11.02897690606929, 0.0142, 0.0142, 0.0
27.240559366652178, 0.09286295954134194, 20.55186949235266, 0.0142, 0.0142, 0.0
14.988065851030328, 21.34365735772769, 12.002244677900626, 0.0142, 0.0142, 0.0
14.915516614587345, 21.047756728014164, 3.362208950906285, 0.0142, 0.0142, 0.0
21.687281822763428, 20.215293845325217, 18.950427700774817, 0.0142, 0.0142, 0.0
32.139695301497824, 0.09082313084106625, 18.19471024083755, 0.0142, 0.0142, 0.0
16.345163450693647, 3.712477429817742, 8.264557298025032, 0.0142, 0.0142, 0.0
6.791917559129596, 0.14282179165277098, 4.370502787088518, 0.0142, 0.0142, 0.0
30.636312801705532, 0.1343010981676446, 29.175974253723837, 0.0142, 0.0142, 0.0
6.073356607468264, 0.5738660083844365, 5.657979882708263, 0.0142, 0.0142, 0.0
37.67039301423577, 2.297886615449192, 13.798042997544895, 0.0142, 0.0142, 0.0
24.66001477384303, 0.09902133341918287, 14.63714719628706, 0.0142, 0.0142, 0.0
8.258348401237352, 0.18180570458426948, 3.565513206744742, 0.0142, 0.0142, 0.0
5.822367433455544, 0.08606793007291406, 2.0416962361732156, 0.0142, 0.0142, 0.0
5.705711311702108, 0.5613375369785408, 3.407442780784553, 0.0142, 0.0142, 0.0
6.161607310450263, 0.5496784233356035, 4.2820841202060365, 0.0142, 0.0142, 0.0
6.486143783889576, 6.02887029220737, 6.469868960477089, 0.0142, 0.0142, 0.0
6.90103715890456, 38.0565175717469, 4.020025381983335, 0.0142, 0.0142, 0.0
10.024113295809416, 2.437162744946551, 3.591728745391124, 0.0142, 0.0142, 0.0
5.797024438934679, 5.377856079994619, 2.866962965808139, 0.0142, 0.0142, 0.0
10.489841236116208, 4.275633488833322, 8.272839601692358, 0.0142, 0.0142, 0.0
13.183746649590283, 0.04685936702652202, 5.39020221236109, 0.0142, 0.0142, 0.0
7.412309740549436, 38.96539894807445, 7.2592017472102786, 0.0142, 0.0142, 0.0
7.322503212017571, 72.48559115856017, 6.356139913838452, 0.0142, 0.0142, 0.0
15.38618936483331, 1.9974050429518315, 14.48559365830834, 0.0142, 0.0142, 0.0
6.309846615820571, 82.81397340532192, 1.8717581469890492, 0.0142, 0.0142, 0.0
7.197159805493933, 8.686314402994224, 1.532097816264941, 0.0142, 0.0142, 0.0
9.603594000211867, 93.52882118954916, 9.199626496362125, 0.0142, 0.0142, 0.0
6.168094977077623, 1.4433620951462385, 4.930623560834953, 0.0142, 0.0142, 0.0
5.127925387490282, 0.4503989776743839, 2.686328098510934, 0.0142, 0.0142, 0.0
5.671722081268995, 26.70524682655789, 4.102051449706435, 0.0142, 0.0142, 0.0
9.847393215617561, 0.05845518335300511, 8.90862636507759, 0.0142, 0.0142, 0.0
5.7016933927161055, 0.25513946070589477, 1.753145908044654, 0.0142, 0.0142, 0.0
6.563966554047746, 0.726825086944788, 4.199130240976292, 0.0142, 0.0142, 0.0
6.362616495275442, 0.1077968382717197, 4.9412259046445275, 0.0142, 0.0142, 0.0
15.401733160660157, 0.6688178950919776, 14.98063968827612, 0.0142, 0.0142, 0.0
5.139717206367944, 4.91799400477075, 3.188729900680593, 0.0142, 0.0142, 0.0
26.583596190451498, 0.13959425978928514, 14.623054450380032, 0.0142, 0.0142, 0.0
11.721021695413834, 2.9441733062937736, 4.98114314495186, 0.0142, 0.0142, 0.0
6.98865662752513, 68.10993468378707, 3.4568258249279125, 0.0142, 0.0142, 0.0
38.342436282888166, 1.8180869843495127, 21.970060688310497, 0.0142, 0.0142, 0.0
6.926326789192306, 0.8177413063091726, 3.1313134335001487, 0.0142, 0.0142, 0.0
10.709550937547242, 2.672149808343602, 6.062268592213151, 0.0142, 0.0142, 0.0
12.826118335001498, 0.831851536196936, 11.963795767694505, 0.0142, 0.0142, 0.0
6.671857726181382, 4.93875312747754, 5.053816968875314, 0.0142, 0.0142, 0.0
5.723609575728818, 0.6320946051228588, 1.7769458346403704, 0.0142, 0.0142, 0.0
11.878540912854229, 23.82207631085234, 7.142910517780451, 0.0142, 0.0142, 0.0
7.682062808226532, 0.11852004282459416, 4.987248931540905, 0.0142, 0.0142, 0.0
5.1497535552156775, 16.964705470106196, 4.72262087392321, 0.0142, 0.0142, 0.0
5.386094649748806, 44.40950815741626, 5.385771518277743, 0.0142, 0.0142, 0.0
26.239154054495163, 27.533497765121073, 13.205212513096757, 0.0142, 0.0142, 0.0
41.23428875314938, 0.11261228403603668, 32.268754587080146, 0.0142, 0.0142, 0.0
8.639045258257763, 0.0697053505541185, 3.012098712099516, 0.0142, 0.0142, 0.0
5.207719839037043, 0.363636914907362, 5.144821130311119, 0.0142, 0.0142, 0.0
10.097517692237389, 3.6120700545911393, 5.268456954962113, 0.0142, 0.0142, 0.0
6.02522707713976, 10.084012153166688, 2.3437597002253483, 0.0142, 0.0142, 0.0
36.884403487580705, 3.409780907980551, 14.21718772053051, 0.0142, 0.0142, 0.0
5.359694977472724, 0.0640822820832331, 1.5397383244313063, 0.0142, 0.0142, 0.0
21.397796162105905, 16.87230833310099, 8.177966463750112, 0.0142, 0.0142, 0.0
5.113197364521778, 15.298864419122115, 2.776042656422333, 0.0142, 0.0142, 0.0
7.522287963485591, 52.280571153767085, 6.883952440980425, 0.0142, 0.0142, 0.0
5.2702922507832834, 0.7505918471140731, 4.578921062978867, 0.0142, 0.0142, 0.0
6.517211835330064, 0.13002769919140927, 5.063193598412859, 0.0142, 0.0142, 0.0
21.844738710766265, 95.13352355947052, 21.39840049035131, 0.0142, 0.0142, 0.0
9.575319294062552, 8.49079500124651, 6.3802262744120535, 0.0142, 0.0142, 0.0
15.700743123210717, 1.927501414820421, 10.578433941779119, 0.0142, 0.0142, 0.0
8.072620820978797, 0.047348835034499964, 5.698507765142993, 0.0142, 0.0142, 0.0
12.742497735684442, 0.6016019690867592, 8.872289956402785, 0.0142, 0.0142, 0.0
15.948938009868195, 0.20195475827833465, 12.475651899777848, 0.0142, 0.0142, 0.0
8.269909307019306, 0.09684832366869633, 6.63322440070098, 0.0142, 0.0142, 0.0
5.312836581626038, 0.549350752562816, 1.3938184454474314, 0.0142, 0.0142, 0.0
11.146045353294012, 0.16710071519769742, 5.4945566805490795, 0.0142, 0.0142, 0.0
13.557677787985643, 3.012899368884477, 11.801034345198266, 0.0142, 0.0142, 0.0
30.9550984490149, 0.1491826459717806, 26.177154467699552, 0.0142, 0.0142, 0.0
9.938499402450574, 6.770813397763243, 6.1337705925861306, 0.0142, 0.0142, 0.0
7.9169470791188274, 3.583244659444504, 2.243986074271396, 0.0142, 0.0142, 0.0
6.280084922335603, 0.03330833930862044, 1.5608392795752157, 0.0142, 0.0142, 0.0
5.604977360039384, 1.1641740951950137, 4.325612864060169, 0.0142, 0.0142, 0.0
11.881265471366396, 33.818431183883476, 11.289491855129484, 0.0142, 0.0142, 0.0
7.685245926948571, 1.8000741158404125, 3.214693755734663, 0.0142, 0.0142, 0.0
6.949148278440578, 0.3338672624051222, 6.053704773897468, 0.0142, 0.0142, 0.0
8.529317915144363, 11.869802414918913, 6.48214644189934, 0.0142, 0.0142, 0.0
24.16623398409157, 0.5698009743878555, 7.381005706539663, 0.0142, 0.0142, 0.0
7.583611125056987, 2.8390280292569647, 1.8171040070430398, 0.0142, 0.0142, 0.0
5.7683129520294205, 0.0666819567275626, 4.052859078499374, 0.0142, 0.0142, 0.0
7.145905657379213, 51.31209296020064, 4.08508856548382, 0.0142, 0.0142, 0.0
11.58525686298166, 16.150617110180026, 3.1065031955877385, 0.0142, 0.0142, 0.0
8.11719044225218, 12.37920552701594, 3.902608666050085, 0.0142, 0.0142, 0.0
6.23398885106182, 0.13285111285362458, 5.156129355062606, 0.0142, 0.0142, 0.0
21.828103253170564, 39.23318343008008, 8.235317782101962, 0.0142, 0.0142, 0.0
10.100170257394794, 0.36245928782651066, 5.396083982863524, 0.0142, 0.0142, 0.0
19.007253834755783, 1.3510017664812068, 6.269828263249048, 0.0142, 0.0142, 0.0
7.172971166400704, 0.3338404562724728, 2.368497401499521, 0.0142, 0.0142, 0.0
39.16990195572998, 0.4051539319514912, 9.519472276241135, 0.0142, 0.0142, 0.0
17.572008145421986, 65.00657721701211, 14.403677806584225, 0.0142, 0.0142, 0.0
17.427507615292956, 0.05719174818702492, 6.866140236494439, 0.0142, 0.0142, 0.0
12.511374204441488, 0.39360850018872034, 7.052121258078905, 0.0142, 0.0142, 0.0
12.061113037377408, 85.72832853693063, 7.016253470951278, 0.0142, 0.0142, 0.0
43.18785978200426, 1.354273439573263, 21.009583191730748, 0.0142, 0.0142, 0.0
5.359936261782799, 0.5565999539707346, 1.8124035470860147, 0.0142, 0.0142, 0.0
10.891710302023611, 0.7315394991288057, 6.80454952938185, 0.0142, 0.0142, 0.0
9.524389632704075, 2.135734955392257, 4.569994969821088, 0.0142, 0.0142, 0.0
16.88066104889974, 7.278419881235005, 7.095925407048854, 0.0142, 0.0142, 0.0
5.803739592171545, 15.486703570519706, 3.358100173084382, 0.0142, 0.0142, 0.0
5.47228568486109, 26.21410100512533, 2.030773581500371, 0.0142, 0.0142, 0.0
5.123897199004449, 25.76314909928494, 3.732652834154884, 0.0142, 0.0142, 0.0
5.274063780238559, 39.538068677155906, 4.256291549903162, 0.0142, 0.0142, 0.0
6.205908391821837, 0.3213711538083221, 4.561915995762551, 0.0142, 0.0142, 0.0
5.898015454785974, 28.740671637524255, 4.4914369860139125, 0.0142, 0.0142, 0.0
6.114067257101008, 1.2446013554927537, 5.276176745992742, 0.0142, 0.0142, 0.0
5.591124673627919, 3.1212977607229444, 2.2074739617650194, 0.0142, 0.0142, 0.0
7.750622206231118, 0.3331688083619571, 3.8964176397589494, 0.0142, 0.0142, 0.0
5.0188542720090465, 0.06762204023988516, 1.140567935073721, 0.0142, 0.0142, 0.0
7.612904316247627, 17.33628098680928, 6.101405050620905, 0.0142, 0.0142, 0.0
7.711354309716734, 0.0999111747620485, 6.890713012183272, 0.0142, 0.0142, 0.0
6.763982514942411, 0.23879932607591955, 2.5291065635788192, 0.0142, 0.0142, 0.0
8.946460885155503, 4.0452557692390725, 6.2669446524126675, 0.0142, 0.0142, 0.0
12.025973820844081, 0.9592882941453136, 7.149709199641846, 0.0142, 0.0142, 0.0
7.978356672038966, 0.053940669816027596, 4.097516225943412, 0.0142, 0.0142, 0.0
5.261976970851251, 29.857680224569737, 3.7044423316459385, 0.0142, 0.0142, 0.0
5.664391616530472, 0.04177073992161578, 3.691530668683079, 0.0142, 0.0142, 0.0
6.073641759812104, 0.16181445252235735, 5.248956591603776, 0.0142, 0.0142, 0.0
7.726697092383646, 1.021785164670166, 6.002918020482338, 0.0142, 0.0142, 0.0
6.518244327061646, 0.8290502252685356, 1.976743384313948, 0.0142, 0.0142, 0.0
7.3097328119586455, 0.7113281300900619, 2.5468167536075135, 0.0142, 0.0142, 0.0
10.858588092040616, 34.73691686853486, 2.3579385210455928, 0.0142, 0.0142, 0.0
6.646304057839956, 12.154794023366538, 1.865140858350474, 0.0142, 0.0142, 0.0
7.153767439253443, 4.6866982761855205, 2.3471814145627206, 0.0142, 0.0142, 0.0
12.69376292392253, 2.855523287192422, 4.482825899629851, 0.0142, 0.0142, 0.0
7.900949953278191, 59.73794381220598, 1.673901646114867, 0.0142, 0.0142, 0.0
5.09583371894611, 0.2975693323701101, 2.176463935157695, 0.0142, 0.0142, 0.0
8.902723303721174, 0.08785485930860092, 2.2872466050898215, 0.0142, 0.0142, 0.0
5.9464451112912915, 0.5202514421931148, 4.879237205582369, 0.0142, 0.0142, 0.0
6.935628070354831, 3.8223222090039295, 2.2500787042437684, 0.0142, 0.0142, 0.0
12.97480375374774, 12.305791430660236, 12.18506401675148, 0.0142, 0.0142, 0.0
6.472326192220858, 54.639171934758764, 4.125216955246971, 0.0142, 0.0142, 0.0
9.97233569476205, 1.0003230611822278, 9.34658491334208, 0.0142, 0.0142, 0.0
9.626441908593016, 0.34238972233469, 3.3319965391675805, 0.0142, 0.0142, 0.0
9.512106021276715, 0.4450165008297095, 8.148985166759138, 0.0142, 0.0142, 0.0
6.634183834339328, 8.697352326456933, 5.321953998229186, 0.0142, 0.0142, 0.0
10.369475134341855, 0.11928354619273884, 8.93628278359631, 0.0142, 0.0142, 0.0
8.25717258225294, 0.06569662475671326, 8.064619081808127, 0.0142, 0.0142, 0.0
5.710101772591614, 0.9083886382091412, 2.453370597867942, 0.0142, 0.0142, 0.0
18.498815759773763, 0.06011894812932903, 4.138727574143784, 0.0142, 0.0142, 0.0
5.958066685296014, 0.08993401950595492, 2.249982503615636, 0.0142, 0.0142, 0.0
8.939744243792347, 0.14693360270216582, 4.7149713436204586, 0.0142, 0.0142, 0.0
5.983290514968121, 44.286491369357265, 1.8577774960676772, 0.0142, 0.0142, 0.0
8.904920989049325, 12.776765323022614, 2.687448996934718, 0.0142, 0.0142, 0.0
10.476457826014498, 26.497034466200517, 9.786295827611214, 0.0142, 0.0142, 0.0
28.363103788267722, 0.14412813273774147, 20.484982782702886, 0.0142, 0.0142, 0.0
9.317948945343137, 1.9577805605584295, 3.909268073743341, 0.0142, 0.0142, 0.0
8.862278746647256, 23.1113025202576, 7.411884119959367, 0.0142, 0.0142, 0.0
8.603980798237803, 0.09749720956409356, 7.608640036398153, 0.0142, 0.0142, 0.0
9.441239248757949, 1.7325656800420008, 8.341963048588225, 0.0142, 0.0142, 0.0
13.539412403893333, 0.47204275912810656, 5.012543592264648, 0.0142, 0.0142, 0.0
8.1840596020396, 8.667886239432608, 6.775946176804766, 0.0142, 0.0142, 0.0
5.618399613901129, 2.002143068566842, 1.9380872747465758, 0.0142, 0.0142, 0.0
15.34544044554698, 0.983583089791612, 10.94727504164665, 0.0142, 0.0142, 0.0
25.70714431077984, 0.49221494261340487, 18.286846295497977, 0.0142, 0.0142, 0.0
5.4100473852095, 0.07278730303983015, 1.7208397978792127, 0.0142, 0.0142, 0.0
5.463014409260107, 0.09401925485237868, 2.388619897241525, 0.0142, 0.0142, 0.0
9.03096652369827, 0.05832623126094632, 2.666452487189737, 0.0142, 0.0142, 0.0
5.215997044215125, 16.4377090214354, 3.1135495896195224, 0.0142, 0.0142, 0.0
15.144953486184452, 0.07824618716730303, 4.372078753311522, 0.0142, 0.0142, 0.0
8.257604987177928, 1.8607737399522006, 7.792682726016416, 0.0142, 0.0142, 0.0
6.928753660720777, 9.129346466348586, 4.232475097001365, 0.0142, 0.0142, 0.0
7.273627179150481, 93.5078802628373, 3.9389191256927623, 0.0142, 0.0142, 0.0
7.726628613135638, 41.36242941255478, 4.026018356056338, 0.0142, 0.0142, 0.0
5.69936460989587, 0.12189162350482485, 3.9981654363552805, 0.0142, 0.0142, 0.0
15.577319893175943, 0.14012320624448021, 9.59821909020614, 0.0142, 0.0142, 0.0
5.948467982777788, 0.14106669947715914, 1.2485137299002802, 0.0142, 0.0142, 0.0
7.659010856690181, 8.157526312434676, 6.618078247644107, 0.0142, 0.0142, 0.0
5.496751312989828, 1.7541850046982093, 3.2916663164375004, 0.0142, 0.0142, 0.0
5.01850484374693, 25.517467196977844, 1.7286543792882436, 0.0142, 0.0142, 0.0
9.381560649711277, 30.718732138800267, 9.031601275808262, 0.0142, 0.0142, 0.0
5.048404334360057, 16.11228503897975, 1.453295066544735, 0.0142, 0.0142, 0.0
17.53738527747268, 2.3162173796683163, 6.940815960471675, 0.0142, 0.0142, 0.0
13.859907653147138, 50.99746279431378, 11.68332751653851, 0.0142, 0.0142, 0.0
9.287619286096085, 9.74957227140754, 3.8473386964916787, 0.0142, 0.0142, 0.0
5.584222118409886, 17.042839320983482, 4.569424270744776, 0.0142, 0.0142, 0.0
6.990869770277704, 6.622004773527711, 1.6259689427606143, 0.0142, 0.0142, 0.0
6.268664407637178, 0.38890235611135426, 6.0040292627109135, 0.0142, 0.0142, 0.0
20.500572544554856, 0.9260336918795008, 16.505082090525434, 0.0142, 0.0142, 0.0
15.334635905481798, 51.297134537001945, 3.723283905015516, 0.0142, 0.0142, 0.0
5.894973834671796, 16.637539402739844, 3.1238125295717105, 0.0142, 0.0142, 0.0
5.630406505860105, 3.4249913324461976, 4.64499834912643, 0.0142, 0.0142, 0.0
5.472426684808996, 0.1440732970023936, 1.487887302231645, 0.0142, 0.0142, 0.0
5.096919527693415, 6.521950228258696, 4.286167700550236, 0.0142, 0.0142, 0.0
5.904456086399166, 1.545264615147147, 2.2091993566498793, 0.0142, 0.0142, 0.0
11.035171945721519, 0.22321553416830875, 3.952071818726863, 0.0142, 0.0142, 0.0
14.063875691858179, 95.17105416043161, 11.255675915713537, 0.0142, 0.0142, 0.0
6.45059039534374, 0.07266535143869914, 4.965192782046606, 0.0142, 0.0142, 0.0
9.142900358581963, 82.46417561708904, 3.629405573879312, 0.0142, 0.0142, 0.0
12.834974678662363, 17.362457858087048, 3.108244957903049, 0.0142, 0.0142, 0.0
6.436824806341097, 0.059042676372446375, 3.7999113922878816, 0.0142, 0.0142, 0.0
15.952176749929224, 3.4586853047701136, 11.658640778895617, 0.0142, 0.0142, 0.0
11.245414701426583, 10.054266948672522, 7.746337771858769, 0.0142, 0.0142, 0.0
19.962621158531366, 26.768541139435772, 17.175776131131524, 0.0142, 0.0142, 0.0
7.3801178632855295, 0.836283890667911, 5.819774987124179, 0.0142, 0.0142, 0.0
7.328969494510839, 0.052830084381615315, 6.428991312473448, 0.0142, 0.0142, 0.0
5.147789288372303, 0.10223646130829749, 4.806495204868792, 0.0142, 0.0142, 0.0
18.14299490442349, 1.887931374059193, 4.040611821415308, 0.0142, 0.0142, 0.0
7.094722126360016, 0.18067471159457724, 5.385399669935797, 0.0142, 0.0142, 0.0
11.223966213227603, 2.2948192090104653, 6.991593452205638, 0.0142, 0.0142, 0.0
10.022323479834087, 0.9732730108985349, 5.444514106285608, 0.0142, 0.0142, 0.0
5.956887586377399, 35.735160522160015, 1.5717669620255799, 0.0142, 0.0142, 0.0
19.557957631006445, 0.29959455397306145, 12.467058521434055, 0.0142, 0.0142, 0.0
7.607971522769774, 0.04207740434707777, 4.602344579966757, 0.0142, 0.0142, 0.0
9.143971255511426, 0.19552074015001575, 4.178174633434559, 0.0142, 0.0142, 0.0
8.469231594670497, 0.1096942545852132, 5.918040249431474, 0.0142, 0.0142, 0.0
16.227476591032563, 2.4054924720179205, 10.1597738003666, 0.0142, 0.0142, 0.0
12.535174478779775, 1.160426008181226, 3.0572624962991, 0.0142, 0.0142, 0.0
16.06268923339168, 43.037054533843005, 12.29293576344308, 0.0142, 0.0142, 0.0
7.090138188055378, 0.07693552732156735, 3.0908738984714192, 0.0142, 0.0142, 0.0
6.296599722265378, 1.5477862363060406, 4.530228523854084, 0.0142, 0.0142, 0.0
8.85491475599865, 2.912294462177268, 6.474661300004126, 0.0142, 0.0142, 0.0
5.489312994661875, 0.10346677746427088, 3.9579595121273656, 0.0142, 0.0142, 0.0
6.15928983812115, 0.2706404010585961, 2.203180170767864, 0.0142, 0.0142, 0.0
6.304623089958613, 0.5694006395470743, 5.819596220083743, 0.0142, 0.0142, 0.0
5.477097324801273, 3.0834185471715108, 1.3050196309386222, 0.0142, 0.0142, 0.0
7.339040077176915, 0.3696098081954742, 4.543170179795299, 0.0142, 0.0142, 0.0
12.441326177759294, 0.3864364335540311, 4.111731358394145, 0.0142, 0.0142, 0.0
7.5584148171172565, 0.3165279620234175, 4.489680558997589, 0.0142, 0.0142, 0.0
11.572935348645402, 35.799571481864916, 8.925303991625695, 0.0142, 0.0142, 0.0
5.584812512571005, 3.77000131565698, 4.437604956720501, 0.0142, 0.0142, 0.0
14.982857387638099, 0.05823565851074649, 12.582322886088166, 0.0142, 0.0142, 0.0
5.008750925561855, 0.17560986414366256, 4.98408443165077, 0.0142, 0.0142, 0.0
6.6038716210841715, 3.79295670288187, 6.447234570416905, 0.0142, 0.0142, 0.0
7.789699820105593, 0.28806271490752106, 4.673490902426375, 0.0142, 0.0142, 0.0
11.199440595418192, 21.436521867937213, 2.8369831813752286, 0.0142, 0.0142, 0.0
5.091855967209922, 3.252343060711264, 4.635788585082582, 0.0142, 0.0142, 0.0
5.916461322437467, 49.51338226678425, 3.980941980890741, 0.0142, 0.0142, 0.0
8.232477929413514, 22.461369298291064, 2.8014947544575453, 0.0142, 0.0142, 0.0
13.85535299439363, 2.9041625132054576, 11.061798554187424, 0.0142, 0.0142, 0.0
5.506137352409443, 8.27528721264501, 1.7697064658617823, 0.0142, 0.0142, 0.0
15.89671753929271, 72.34065799366441, 9.502286990064784, 0.0142, 0.0142, 0.0
7.334604608079785, 36.81387615003847, 6.467726960760152, 0.0142, 0.0142, 0.0
5.2349263354455955, 25.19346475003685, 4.84955006176247, 0.0142, 0.0142, 0.0
12.401910353398238, 96.16218975349975, 8.915274088665708, 0.0142, 0.0142, 0.0
5.527355127253112, 96.78401777090879, 4.42836118358508, 0.0142, 0.0142, 0.0
6.301824263101924, 0.051673127931055496, 3.5162369423000097, 0.0142, 0.0142, 0.0
32.67023191039284, 4.960492174731448, 19.52427721927525, 0.0142, 0.0142, 0.0
9.835082327866479, 0.10235126091617253, 6.575362874090243, 0.0142, 0.0142, 0.0
7.431638441002257, 1.2952356052135197, 1.6722560680369967, 0.0142, 0.0142, 0.0
8.080493536449358, 6.697577115134699, 8.025503742668674, 0.0142, 0.0142, 0.0
16.292251370829593, 12.235167213474597, 4.899562367046504, 0.0142, 0.0142, 0.0
11.845012689095574, 1.2364600316142422, 2.7998797992494557, 0.0142, 0.0142, 0.0
5.445465659485535, 0.05228512796438255, 1.103267928334797, 0.0142, 0.0142, 0.0
5.6597842423924725, 0.6398572744747467, 5.003439174438081, 0.0142, 0.0142, 0.0
18.78341525159562, 2.2029636075400756, 12.942717776408342, 0.0142, 0.0142, 0.0
14.960765310784094, 0.100449057450413, 6.2085041316233545, 0.0142, 0.0142, 0.0
12.98601031060937, 80.44777696436257, 9.183667865332906, 0.0142, 0.0142, 0.0
9.179653746153047, 0.1691924383705651, 3.186180860360604, 0.0142, 0.0142, 0.0
6.968032231254294, 0.07280201415289571, 4.369643365377978, 0.0142, 0.0142, 0.0
36.90356014554161, 1.9971114166458528, 16.898897915947018, 0.0142, 0.0142, 0.0
6.3149159994186395, 68.71652109192998, 3.9231410152927286, 0.0142, 0.0142, 0.0
11.082167468999543, 0.23574212019015323, 10.43054610976672, 0.0142, 0.0142, 0.0
14.450189898701133, 0.3362069898862481, 4.25533251325898, 0.0142, 0.0142, 0.0
28.37982614326898, 3.2404083635688155, 16.999630519846818, 0.0142, 0.0142, 0.0
7.41491312302613, 0.8414753410449213, 7.052804609793829, 0.0142, 0.0142, 0.0
44.371318289679714, 2.3710825744851602, 34.496519771781415, 0.0142, 0.0142, 0.0
9.783651568547853, 45.2025316407756, 5.532455040093238, 0.0142, 0.0142, 0.0
5.954785701956715, 0.04566432293900767, 5.583062750271669, 0.0142, 0.0142, 0.0
8.143442290468869, 1.0023553446499762, 4.309766488854828, 0.0142, 0.0142, 0.0
13.61002623226934, 62.77191307356793, 3.762021186303142, 0.0142, 0.0142, 0.0
9.656834815554982, 6.916772715160459, 5.772752612597093, 0.0142, 0.0142, 0.0
23.971891787632313, 0.14434439374517719, 5.328608253923272, 0.0142, 0.0142, 0.0
6.342366795659679, 0.10724204944039102, 2.7996281805766463, 0.0142, 0.0142, 0.0
5.844310913940042, 2.4269807329297826, 5.538188529569793, 0.0142, 0.0142, 0.0
7.9466735412754215, 76.22936605247314, 6.4841600817821465, 0.0142, 0.0142, 0.0
5.325690779954854, 0.05582895360431117, 3.890652025519447, 0.0142, 0.0142, 0.0
5.634600320409494, 1.8288928451841218, 1.2219541656770603, 0.0142, 0.0142, 0.0
6.442161476289282, 78.55035302655925, 1.615705919553783, 0.0142, 0.0142, 0.0
30.74542137224914, 1.1075259680829472, 15.943364760165057, 0.0142, 0.0142, 0.0
6.768481997070001, 2.1175799128317165, 1.6749216999175935, 0.0142, 0.0142, 0.0
7.598963609503093, 85.4618807473473, 3.853745744020614, 0.0142, 0.0142, 0.0
11.380892444484592, 0.35191498378462704, 11.096932929256125, 0.0142, 0.0142, 0.0
5.609655698150587, 1.0562648571734, 4.882607056150785, 0.0142, 0.0142, 0.0
10.004844995870249, 0.2890553845400743, 4.026692753471826, 0.0142, 0.0142, 0.0
5.5349291556970295, 79.76927984469428, 2.9223611882944844, 0.0142, 0.0142, 0.0
8.379574187592373, 2.121999411045243, 3.573636384978574, 0.0142, 0.0142, 0.0
8.286511275774096, 8.021707037046161, 3.510190558526848, 0.0142, 0.0142, 0.0
14.808444956597329, 6.007028632698581, 14.454948033031913, 0.0142, 0.0142, 0.0
25.06972618555734, 11.875747787769985, 8.285121111597494, 0.0142, 0.0142, 0.0
29.174382946898753, 0.14680665754443054, 23.93976547106072, 0.0142, 0.0142, 0.0
5.85584912186582, 5.137270716076437, 2.6764123515127993, 0.0142, 0.0142, 0.0
5.038973318285248, 0.10553235110832587, 1.709908221122676, 0.0142, 0.0142, 0.0
9.369984668313792, 0.11561983899780419, 5.464542120410029, 0.0142, 0.0142, 0.0
5.491818320730344, 7.370224301400712, 4.33147279603857, 0.0142, 0.0142, 0.0
6.760047842012965, 0.32828053293704385, 4.718797230974924, 0.0142, 0.0142, 0.0
6.0097506143611, 33.16004624491457, 5.512118482881195, 0.0142, 0.0142, 0.0
10.96654632030003, 1.4788434265382258, 2.6057067624377694, 0.0142, 0.0142, 0.0
8.083533175470548, 0.8506691646811749, 4.796979094428801, 0.0142, 0.0142, 0.0
13.056556990542886, 0.0631630690774688, 12.520955717186204, 0.0142, 0.0142, 0.0
10.662569749950572, 0.5225248508723407, 9.928039591994224, 0.0142, 0.0142, 0.0
5.438591395470704, 0.19701674877439462, 4.084448240257105, 0.0142, 0.0142, 0.0
6.077178161198242, 15.574247960797695, 5.2513623040624715, 0.0142, 0.0142, 0.0
11.799183914543237, 2.351057769375601, 4.940972315228291, 0.0142, 0.0142, 0.0
6.673434609205617, 0.14848105038599999, 3.6582258389826054, 0.0142, 0.0142, 0.0
5.261376856967043, 33.48723977156281, 3.625363658930157, 0.0142, 0.0142, 0.0
5.77873856176478, 4.697262071779779, 4.519226705801374, 0.0142, 0.0142, 0.0
22.55424514691659, 0.4741887883634929, 21.81748224590001, 0.0142, 0.0142, 0.0
7.433919118407052, 0.15819502014407974, 1.812150840706855, 0.0142, 0.0142, 0.0
7.294536716536361, 33.9107645537539, 5.15028175615196, 0.0142, 0.0142, 0.0
6.464880597058482, 4.464389082710078, 5.244456447736868, 0.0142, 0.0142, 0.0
41.36503617366371, 0.13529116814368092, 36.50997543260985, 0.0142, 0.0142, 0.0
5.575670593752328, 0.23163793236276753, 4.857908886041382, 0.0142, 0.0142, 0.0
6.6246568344898, 0.09890843208940248, 4.482045463671362, 0.0142, 0.0142, 0.0
11.152704017350759, 8.70469608330467, 10.611569582311818, 0.0142, 0.0142, 0.0
5.59868064127549, 10.72125569489588, 2.2985978265352816, 0.0142, 0.0142, 0.0
6.093627632301583, 2.255872613476397, 5.283355078755411, 0.0142, 0.0142, 0.0
5.939916614059704, 0.09746590054228699, 5.744574254099288, 0.0142, 0.0142, 0.0
8.958137408358459, 1.692566721777799, 4.552665806280633, 0.0142, 0.0142, 0.0
8.76762660037698, 13.94104869039769, 6.440704642572392, 0.0142, 0.0142, 0.0
5.737980188041672, 0.6432823380842142, 3.552911110378188, 0.0142, 0.0142, 0.0
12.93844484974941, 26.599851258031517, 5.119910411431984, 0.0142, 0.0142, 0.0
6.193384145408155, 65.11282568917035, 5.609068487234452, 0.0142, 0.0142, 0.0
5.157293345160239, 7.223412313874101, 4.383646792834239, 0.0142, 0.0142, 0.0
5.391433976353113, 91.19343930997687, 1.0824556708444508, 0.0142, 0.0142, 0.0
7.544934039663751, 80.8707443616417, 6.51311763942385, 0.0142, 0.0142, 0.0
6.84077176317279, 0.06986780392705054, 4.539071500714552, 0.0142, 0.0142, 0.0
6.322111291390792, 0.21921082206327236, 4.162642812814257, 0.0142, 0.0142, 0.0
5.323485966040953, 26.646395180584616, 4.636874919988873, 0.0142, 0.0142, 0.0
8.072865877570042, 0.04161075124333692, 4.8809613360017226, 0.0142, 0.0142, 0.0
9.085097991861248, 0.6415948854146806, 8.716350535074115, 0.0142, 0.0142, 0.0
7.710079253545026, 0.31287697706486844, 3.9059516750042813, 0.0142, 0.0142, 0.0
8.79212115947075, 1.2676826600456315, 8.429420639792452, 0.0142, 0.0142, 0.0
7.643604329384628, 63.87655641447784, 5.380812619649136, 0.0142, 0.0142, 0.0
40.14403236839891, 59.280291921527976, 8.344586931257316, 0.0142, 0.0142, 0.0
11.490087534325905, 0.20330792402047054, 10.215288749958455, 0.0142, 0.0142, 0.0
7.920082484458002, 41.7888517552382, 5.326689654407245, 0.0142, 0.0142, 0.0
7.042048870178226, 13.286093490061194, 5.240859802529004, 0.0142, 0.0142, 0.0
11.846563635325797, 0.17889580325936957, 10.51359039915027, 0.0142, 0.0142, 0.0
7.144801741550981, 0.14924296672972354, 3.774882136427696, 0.0142, 0.0142, 0.0
8.11070112206163, 1.5746527075935561, 2.6338286602513987, 0.0142, 0.0142, 0.0
5.05068534219955, 0.11536120824203891, 1.5922086179644541, 0.0142, 0.0142, 0.0
5.057139187102704, 32.37745481151852, 3.4929905979700555, 0.0142, 0.0142, 0.0
25.219341497648077, 20.824689288982206, 17.173884378385768, 0.0142, 0.0142, 0.0
8.434863414318949, 4.808309150190741, 2.83305086709477, 0.0142, 0.0142, 0.0
6.592877172845551, 18.43236335463888, 1.4262372968610904, 0.0142, 0.0142, 0.0
8.253021895594488, 19.181841267396106, 4.313413703031695, 0.0142, 0.0142, 0.0
5.852316261954264, 0.12098104462550362, 4.481205103782454, 0.0142, 0.0142, 0.0
6.75870464159829, 0.28866289170932824, 3.420684509037313, 0.0142, 0.0142, 0.0
5.030650007213609, 0.0715709319182606, 1.6965718374245153, 0.0142, 0.0142, 0.0
12.864854394957423, 0.5874014165173703, 6.371170708945938, 0.0142, 0.0142, 0.0
5.906332506339255, 63.03170840452788, 2.8554000509598225, 0.0142, 0.0142, 0.0
6.048149295885378, 0.24773705123648093, 5.432561538678597, 0.0142, 0.0142, 0.0
11.211414994719862, 0.15914872480722644, 3.79454297618063, 0.0142, 0.0142, 0.0
6.682003928597817, 0.44142260489230534, 1.4964868297830014, 0.0142, 0.0142, 0.0
7.013603068384572, 0.06312671198130532, 5.693277966874465, 0.0142, 0.0142, 0.0
5.40670114481421, 2.3516594192668556, 1.747697062742736, 0.0142, 0.0142, 0.0
21.434030245031686, 43.365837880525795, 8.676108261413088, 0.0142, 0.0142, 0.0
20.71027817964664, 6.977901961549096, 14.398775490787095, 0.0142, 0.0142, 0.0
17.284193805147723, 0.25391959299831446, 14.42292008256655, 0.0142, 0.0142, 0.0
13.21961013345075, 0.269452383474483, 10.63127303199809, 0.0142, 0.0142, 0.0
14.991378321675898, 1.8525936651287378, 11.338992175718491, 0.0142, 0.0142, 0.0
10.970281183837223, 7.373617600076783, 7.9164854865481935, 0.0142, 0.0142, 0.0
9.835409399855658, 0.30931593662201395, 4.73085427157944, 0.0142, 0.0142, 0.0
7.90307534525905, 18.114519308513604, 7.133701441036003, 0.0142, 0.0142, 0.0
11.740514601522468, 0.693511190346367, 8.64795749775356, 0.0142, 0.0142, 0.0
5.674198653295867, 0.7151713317475727, 3.139239911943618, 0.0142, 0.0142, 0.0
6.446291775409795, 0.12176268530056476, 4.497007517856406, 0.0142, 0.0142, 0.0
45.67125516480114, 1.4648603671153244, 11.927297607494495, 0.0142, 0.0142, 0.0
16.150208745917208, 29.372287542518393, 5.0465995802154655, 0.0142, 0.0142, 0.0
6.617268557550413, 4.764091869212115, 2.2563894794881665, 0.0142, 0.0142, 0.0
7.10023288317157, 50.27902540924787, 2.4242187094342964, 0.0142, 0.0142, 0.0
5.579643022747872, 0.6454542843600789, 1.666013457260407, 0.0142, 0.0142, 0.0
20.028245017415333, 4.936614903663337, 6.046848157752106, 0.0142, 0.0142, 0.0
8.69234290066912, 0.03573909608119702, 1.9611866714082384, 0.0142, 0.0142, 0.0
40.829004837682504, 40.1799133768156, 18.263558131664865, 0.0142, 0.0142, 0.0
7.203827490543839, 26.815503178868827, 6.786289888249396, 0.0142, 0.0142, 0.0
6.627168655192662, 45.35591021544948, 5.421357292217074, 0.0142, 0.0142, 0.0
6.259164843715354, 1.898259637892229, 1.4207124158896012, 0.0142, 0.0142, 0.0
10.695675968748137, 0.7776875755084057, 4.098818278562937, 0.0142, 0.0142, 0.0
5.736643070489327, 11.598439762811054, 3.2228767943122008, 0.0142, 0.0142, 0.0
6.449017491490945, 0.08547287345409481, 3.8756023782013536, 0.0142, 0.0142, 0.0
32.002250677834205, 0.3415973297531417, 30.1577182306521, 0.0142, 0.0142, 0.0
5.472416912073482, 5.636665085814572, 3.1311533481114475, 0.0142, 0.0142, 0.0
8.973475132697166, 7.728028612616221, 5.421859056434258, 0.0142, 0.0142, 0.0
7.796445441003821, 0.38899161598621734, 6.821445406033823, 0.0142, 0.0142, 0.0
7.707892928096125, 0.11547910078045583, 4.465634372978951, 0.0142, 0.0142, 0.0
6.16747708450914, 0.1609350483756834, 1.945684213448971, 0.0142, 0.0142, 0.0
7.797199118503206, 0.255127030758717, 5.37217172885659, 0.0142, 0.0142, 0.0
5.734551206517006, 16.78712772648028, 2.7756100086530022, 0.0142, 0.0142, 0.0
5.5654726923864795, 9.142965461071649, 3.773670312990226, 0.0142, 0.0142, 0.0
6.468685026010256, 0.03352617016943396, 2.215534925857015, 0.0142, 0.0142, 0.0
5.030502454425684, 6.342364531213277, 1.7584271928839978, 0.0142, 0.0142, 0.0
28.213954325248555, 1.699282968959887, 21.676812655286035, 0.0142, 0.0142, 0.0
5.031035821571931, 0.5731047140717811, 2.074309922610443, 0.0142, 0.0142, 0.0
27.952122422987156, 0.14896423829033215, 14.055578687749211, 0.0142, 0.0142, 0.0
8.685893335728824, 0.7161273277384883, 7.285347919087215, 0.0142, 0.0142, 0.0
6.502814614514813, 2.1970049878886355, 4.351171097766414, 0.0142, 0.0142, 0.0
8.046617487060157, 18.92700391914045, 5.972066758321088, 0.0142, 0.0142, 0.0
8.228767775929287, 0.3111359392498659, 8.025213076364533, 0.0142, 0.0142, 0.0
16.172146759730637, 7.5496751424365955, 7.198939549670035, 0.0142, 0.0142, 0.0
6.123729768227954, 0.07469220318061859, 3.434841609843945, 0.0142, 0.0142, 0.0
11.854191521951527, 0.6234453855306592, 4.848877068938789, 0.0142, 0.0142, 0.0
31.682413430801567, 0.10116194987094242, 12.76684563655325, 0.0142, 0.0142, 0.0
7.342805469568223, 2.1198891660158337, 3.3969432849349035, 0.0142, 0.0142, 0.0
10.89271783464396, 0.06845842897306446, 9.510014091810824, 0.0142, 0.0142, 0.0
6.047835137870142, 14.24796758750473, 3.225699578276573, 0.0142, 0.0142, 0.0
5.006278869697677, 0.04744488860929894, 4.296202394641451, 0.0142, 0.0142, 0.0
6.716015038552935, 0.5399778024722683, 3.1201380558827485, 0.0142, 0.0142, 0.0
5.930758189076658, 2.9252373909280056, 1.8368610138877064, 0.0142, 0.0142, 0.0
6.362699508485184, 13.156421781166195, 3.7331746474122545, 0.0142, 0.0142, 0.0
12.920970660622295, 16.46166027469821, 11.668177836902832, 0.0142, 0.0142, 0.0
8.582863047968264, 0.059214974374864476, 2.0925035302175554, 0.0142, 0.0142, 0.0
6.572889617391211, 6.848266461145955, 5.2958285326276275, 0.0142, 0.0142, 0.0
8.21910024402248, 16.139972869513368, 7.318438741304218, 0.0142, 0.0142, 0.0
8.041229169947345, 1.2603851550539178, 6.489568663680664, 0.0142, 0.0142, 0.0
5.025805758854571, 1.3408629731808326, 2.077786180657355, 0.0142, 0.0142, 0.0
5.414944898263014, 0.726381606501403, 4.318858395042329, 0.0142, 0.0142, 0.0
17.240220664649158, 4.806938597557684, 6.461730262469361, 0.0142, 0.0142, 0.0
7.971533425921905, 46.17787602337629, 4.871452320101625, 0.0142, 0.0142, 0.0
10.861512176044963, 2.9620627913611046, 5.295640426973959, 0.0142, 0.0142, 0.0
17.987463043805278, 2.414269904390228, 11.910538947690133, 0.0142, 0.0142, 0.0
7.707867129574295, 4.969369026156967, 7.032456311903576, 0.0142, 0.0142, 0.0
6.657069168696721, 1.8771685290257725, 3.3584551679142955, 0.0142, 0.0142, 0.0
15.470080174278083, 3.638122411581754, 9.858849271267754, 0.0142, 0.0142, 0.0
8.853252935444669, 19.231278467662705, 7.908157894148138, 0.0142, 0.0142, 0.0
12.97934873812173, 0.20553639358953235, 8.534498787229122, 0.0142, 0.0142, 0.0
25.274366287089087, 6.55065410292198, 9.51927692772954, 0.0142, 0.0142, 0.0
7.527759292119465, 0.16569047566281403, 1.6930057547594346, 0.0142, 0.0142, 0.0
6.3187554275828575, 0.5078691086593115, 3.243654076376117, 0.0142, 0.0142, 0.0
8.626539068277975, 0.039747365915203337, 3.2983871454208358, 0.0142, 0.0142, 0.0
33.076342878041736, 0.10614426866109436, 23.538655259679086, 0.0142, 0.0142, 0.0
24.66060756084094, 15.826024414473762, 6.374428914033024, 0.0142, 0.0142, 0.0
7.221975164859165, 67.43871842166394, 4.215360875862853, 0.0142, 0.0142, 0.0
5.943352346186574, 0.8766120647284257, 2.5889025713830023, 0.0142, 0.0142, 0.0
16.780054892529414, 13.355833034547649, 4.044320843837653, 0.0142, 0.0142, 0.0
9.927845091922997, 30.366312374776278, 2.400485981701453, 0.0142, 0.0142, 0.0
5.323412034936576, 1.4041834959843873, 4.694450112321095, 0.0142, 0.0142, 0.0
6.603826678685794, 17.064798486566094, 6.107369618441862, 0.0142, 0.0142, 0.0
6.290154973104742, 0.03667367917038923, 1.565147145993787, 0.0142, 0.0142, 0.0
11.475734381480995, 2.27392518902306, 11.308803090496257, 0.0142, 0.0142, 0.0
14.852081538202615, 6.215455374852982, 13.256846710812445, 0.0142, 0.0142, 0.0
10.403577609122495, 18.167113050299996, 9.433286983131211, 0.0142, 0.0142, 0.0
7.031441320679254, 39.406270553529495, 1.6525953142551084, 0.0142, 0.0142, 0.0
6.120811138163051, 2.965092652521695, 3.2263218474719833, 0.0142, 0.0142, 0.0
5.910221563469704, 0.4795709563582175, 4.454206311687107, 0.0142, 0.0142, 0.0
9.998120057593919, 30.085401884243378, 7.959645085325512, 0.0142, 0.0142, 0.0
5.8223606239149746, 21.82525206039413, 1.4312446390648965, 0.0142, 0.0142, 0.0
13.835663185823476, 8.058760400492353, 5.976503242346356, 0.0142, 0.0142, 0.0
13.290614791902447, 94.36364195502917, 5.65049808386363, 0.0142, 0.0142, 0.0
9.89393083686739, 7.517829742800624, 5.662995970642892, 0.0142, 0.0142, 0.0
23.268978438262728, 2.8361443690858246, 18.182800776885184, 0.0142, 0.0142, 0.0
5.688279672442757, 0.07582571452482324, 3.2064735756054374, 0.0142, 0.0142, 0.0
9.192078928955565, 0.0926850803211959, 6.752413860827746, 0.0142, 0.0142, 0.0
15.488884215256139, 9.852652546625016, 7.905035738600937, 0.0142, 0.0142, 0.0
16.291544259774547, 99.88294285143276, 9.031636322579406, 0.0142, 0.0142, 0.0
12.147759710531169, 67.55186956161228, 3.098697088090789, 0.0142, 0.0142, 0.0
8.71201791516955, 0.6810695573940465, 2.3919598533099666, 0.0142, 0.0142, 0.0
8.981421138163148, 23.901714234394092, 7.231846261580213, 0.0142, 0.0142, 0.0
5.004945611828358, 9.372943834568623, 2.2979435169580507, 0.0142, 0.0142, 0.0
5.929868462201152, 9.735733281880258, 2.8763417302185728, 0.0142, 0.0142, 0.0
18.938371814701267, 30.240185232668733, 18.3678837409417, 0.0142, 0.0142, 0.0
8.719794994021484, 0.18187767099481217, 4.68916336932091, 0.0142, 0.0142, 0.0
7.462975681447524, 0.06219599140947175, 2.0195156609008102, 0.0142, 0.0142, 0.0
13.800016629500504, 29.53416245245183, 9.644659102921517, 0.0142, 0.0142, 0.0
6.682249450733789, 12.404252145203886, 5.386931422850804, 0.0142, 0.0142, 0.0
13.36645314988468, 0.7779892483430488, 6.336995491850771, 0.0142, 0.0142, 0.0
8.918873287249736, 60.75749481869842, 3.54649078512367, 0.0142, 0.0142, 0.0
5.349024241693241, 82.45040600952365, 1.193183807662777, 0.0142, 0.0142, 0.0
5.779716891073356, 1.6142490065991464, 4.024830692329319, 0.0142, 0.0142, 0.0
17.298102608533867, 0.7668636054162283, 12.024783111712523, 0.0142, 0.0142, 0.0
11.888470870566016, 29.9076811829466, 10.447543843628024, 0.0142, 0.0142, 0.0
5.4083109339107756, 0.10143904218073048, 3.8767972415190894, 0.0142, 0.0142, 0.0
6.395324352936626, 0.16817983144405144, 3.078424814106421, 0.0142, 0.0142, 0.0
14.348847803376142, 0.09005782372961557, 7.842906831041758, 0.0142, 0.0142, 0.0
5.873956331701062, 0.057302443198376865, 3.9134646280540593, 0.0142, 0.0142, 0.0
5.670991441953869, 3.4071813078176936, 2.848946838692017, 0.0142, 0.0142, 0.0
12.409352436437892, 0.5430266432394107, 4.106998488430654, 0.0142, 0.0142, 0.0
7.6222925725587904, 1.073066006628546, 6.69631100160957, 0.0142, 0.0142, 0.0
7.050520730626507, 31.75776839463764, 6.786465075596218, 0.0142, 0.0142, 0.0
9.459862961052535, 1.0170454758196565, 5.846911219093844, 0.0142, 0.0142, 0.0
5.7025918395597825, 1.0788109606815088, 3.9331630939321873, 0.0142, 0.0142, 0.0
24.39337407210886, 1.2815648343162014, 5.491236439384412, 0.0142, 0.0142, 0.0
6.547935153432088, 0.2424643859890222, 4.90386564722858, 0.0142, 0.0142, 0.0
5.902376570761456, 1.2084393432909797, 1.5264918594737193, 0.0142, 0.0142, 0.0
21.635544139431573, 18.664278023099513, 5.535404004225068, 0.0142, 0.0142, 0.0
5.756828745555958, 12.388268922477405, 4.149775644570074, 0.0142, 0.0142, 0.0
8.225558185070831, 4.426485625768874, 7.9906859895658435, 0.0142, 0.0142, 0.0
10.969993220133235, 96.29352748150247, 2.382904957487402, 0.0142, 0.0142, 0.0
6.499915017917436, 3.799992617689267, 4.327724294546184, 0.0142, 0.0142, 0.0
5.6405940155623835, 11.631297899560316, 1.1372170812892448, 0.0142, 0.0142, 0.0
8.164509500561955, 78.03495995195419, 4.732347610102283, 0.0142, 0.0142, 0.0
12.56176536795595, 49.569108844144566, 10.269296841021196, 0.0142, 0.0142, 0.0
26.575560914062322, 37.4897086921123, 25.459356929582643, 0.0142, 0.0142, 0.0
5.709130330938909, 61.12137425496117, 1.5787284668998844, 0.0142, 0.0142, 0.0
6.1590379524773144, 28.381890191170605, 3.210707680553679, 0.0142, 0.0142, 0.0
5.098415141803154, 10.292335400290188, 2.2859082501328545, 0.0142, 0.0142, 0.0
5.015906773797946, 23.182915542462233, 1.4107392333281354, 0.0142, 0.0142, 0.0
10.62340807864215, 0.28921501337206706, 7.592401196628669, 0.0142, 0.0142, 0.0
11.298013060434007, 0.7950195027327318, 6.579647068656773, 0.0142, 0.0142, 0.0
6.083038131733701, 27.749653621174517, 3.591238291481018, 0.0142, 0.0142, 0.0
33.85987733740446, 0.7915445915717648, 31.374832175711692, 0.0142, 0.0142, 0.0
14.361813780871898, 56.88954310398415, 3.867006406205652, 0.0142, 0.0142, 0.0
5.96565919116663, 16.413663039795214, 1.7149399446513338, 0.0142, 0.0142, 0.0
6.025449151826561, 0.12398854581549308, 4.2109173416993695, 0.0142, 0.0142, 0.0
7.114662671700452, 0.18537654534107403, 6.070401561019559, 0.0142, 0.0142, 0.0
5.91934619167981, 39.295363101676436, 1.296576883232182, 0.0142, 0.0142, 0.0
7.76381734980843, 78.8645721055917, 2.8883110845062547, 0.0142, 0.0142, 0.0
6.077734942173292, 0.03250636992458646, 2.114667071666722, 0.0142, 0.0142, 0.0
6.737280166950653, 0.17367250921947866, 3.6185727771673712, 0.0142, 0.0142, 0.0
17.512076514932097, 1.4820673514445315, 6.280440176008978, 0.0142, 0.0142, 0.0
5.260911573671945, 0.47971076905962395, 2.84224178982608, 0.0142, 0.0142, 0.0
14.667095218127129, 0.21079087115493292, 9.067936967569853, 0.0142, 0.0142, 0.0
18.48328444829041, 55.79922055711357, 14.961975882671156, 0.0142, 0.0142, 0.0
22.054287722578486, 35.2088775264004, 11.850178892846747, 0.0142, 0.0142, 0.0
6.316897093655338, 5.495152284695427, 3.944283887483658, 0.0142, 0.0142, 0.0
9.723419263505397, 3.08616469051081, 9.102399457431629, 0.0142, 0.0142, 0.0
10.68086094714528, 0.12870365019409116, 7.364557720581723, 0.0142, 0.0142, 0.0
7.043612260524173, 6.148383191500017, 3.577869913349785, 0.0142, 0.0142, 0.0
6.197378758175172, 0.4150006691037468, 2.4215126394548343, 0.0142, 0.0142, 0.0
14.34199723785757, 0.9656603887555827, 8.230881770161403, 0.0142, 0.0142, 0.0
9.515336393631667, 0.037020367942888224, 3.6449644069453364, 0.0142, 0.0142, 0.0
35.94511472652389, 0.30872597040259075, 26.459333646174542, 0.0142, 0.0142, 0.0
8.61404326552507, 0.1019521405806341, 1.8605339955079587, 0.0142, 0.0142, 0.0
5.7947270464131755, 0.5636522518036159, 1.4057320031287073, 0.0142, 0.0142, 0.0
7.510421489770178, 86.27491404468812, 6.647055205387094, 0.0142, 0.0142, 0.0
8.362958539779278, 0.04204230848487166, 8.335774441850571, 0.0142, 0.0142, 0.0
5.848270009739092, 0.17033975081472927, 1.4631884143808263, 0.0142, 0.0142, 0.0
7.897237432786837, 0.043856667568282034, 2.4349677422176628, 0.0142, 0.0142, 0.0
5.537676726404625, 0.15092655820626902, 5.15419134553497, 0.0142, 0.0142, 0.0
10.89897612618619, 0.890444931552426, 10.017315137888994, 0.0142, 0.0142, 0.0
6.48981272453276, 0.046661205761195326, 1.4108795962080385, 0.0142, 0.0142, 0.0
11.023699456992112, 52.11219467130566, 4.8696457492794565, 0.0142, 0.0142, 0.0
7.070464059901559, 0.2759749064942551, 6.01706124382285, 0.0142, 0.0142, 0.0
9.225003911299561, 38.65970242340636, 2.1572708902357594, 0.0142, 0.0142, 0.0
6.478329801826236, 63.47619116621657, 5.604247204929266, 0.0142, 0.0142, 0.0
9.13554029543597, 71.82228285289571, 7.848307937399349, 0.0142, 0.0142, 0.0
7.220800404087465, 0.0804100317457724, 4.405046927707083, 0.0142, 0.0142, 0.0
6.263047822832472, 29.00401804287452, 2.735924167524039, 0.0142, 0.0142, 0.0
7.425791461994516, 57.4534940249633, 7.3976862327672785, 0.0142, 0.0142, 0.0
6.9364101602783155, 3.9473326411593526, 4.259557490095463, 0.0142, 0.0142, 0.0
6.9470191486365485, 0.05142036162057457, 5.649322602725173, 0.0142, 0.0142, 0.0
6.254407921674155, 0.12730928428574095, 3.422360602994885, 0.0142, 0.0142, 0.0
17.66317858803928, 0.4355422043006241, 16.18298774326805, 0.0142, 0.0142, 0.0
12.192420496846234, 1.1337450660024277, 5.816480896003729, 0.0142, 0.0142, 0.0
25.117909011194605, 38.32152894901758, 5.341884623835724, 0.0142, 0.0142, 0.0
5.884124238679287, 0.11334806663993671, 3.4405329114576038, 0.0142, 0.0142, 0.0
8.644628099902034, 4.462554285798935, 5.151143597122406, 0.0142, 0.0142, 0.0
20.005850420463926, 0.23581823027357904, 13.358317006025178, 0.0142, 0.0142, 0.0
10.793762304868999, 4.819116212668306, 8.896012210300121, 0.0142, 0.0142, 0.0
6.5992129613813555, 0.09864805795177832, 4.99313008193409, 0.0142, 0.0142, 0.0
11.926619694615912, 2.4972382311424473, 9.202320984978243, 0.0142, 0.0142, 0.0
13.121171192333996, 67.78482258900715, 9.040075895103612, 0.0142, 0.0142, 0.0
8.923342278498886, 2.877500533103841, 5.501691268267394, 0.0142, 0.0142, 0.0
10.216026338766813, 33.57486814145438, 2.5220094115549583, 0.0142, 0.0142, 0.0
5.17787508713924, 3.142049962201879, 3.5580336222925446, 0.0142, 0.0142, 0.0
6.4473199743192975, 43.558083562537455, 4.3657143297416034, 0.0142, 0.0142, 0.0
5.464787544237765, 0.7241765022247384, 3.76710946490917, 0.0142, 0.0142, 0.0
28.496417121601393, 66.89991157282562, 27.580396973219784, 0.0142, 0.0142, 0.0
9.671581864642397, 5.470834312847712, 4.5760903909202, 0.0142, 0.0142, 0.0
25.65217446096368, 1.0837066091359588, 5.587850978387685, 0.0142, 0.0142, 0.0
16.923835435729185, 0.3836222826165846, 6.8720044102860784, 0.0142, 0.0142, 0.0
5.288481369920716, 3.06615798358192, 4.687621364319127, 0.0142, 0.0142, 0.0
5.740563219910766, 0.1453512456964686, 4.837086091448693, 0.0142, 0.0142, 0.0
5.780724531956355, 20.16489673543345, 2.4098425795010714, 0.0142, 0.0142, 0.0
7.985074068620626, 12.424074136168535, 5.614360917737783, 0.0142, 0.0142, 0.0
7.001473026081935, 0.08804723797295423, 4.778149975701353, 0.0142, 0.0142, 0.0
11.353709130871863, 0.4669375302928402, 5.2690181154514555, 0.0142, 0.0142, 0.0
14.482590481101223, 0.1243109054130341, 9.28785180789611, 0.0142, 0.0142, 0.0
5.139422737194977, 1.3385473347608303, 1.7857910721601695, 0.0142, 0.0142, 0.0
16.86072974896424, 58.93374292539238, 7.600546705217329, 0.0142, 0.0142, 0.0
8.61763072929414, 0.328769624588907, 3.149628890817419, 0.0142, 0.0142, 0.0
8.293946381482762, 1.7469838996537894, 2.664573001394804, 0.0142, 0.0142, 0.0
24.937763819310522, 41.094436355959296, 11.691022639471976, 0.0142, 0.0142, 0.0
18.148608650716206, 4.013802869786501, 9.235224998806505, 0.0142, 0.0142, 0.0
30.52180485243397, 0.3940843666180165, 6.278138438796013, 0.0142, 0.0142, 0.0
7.475825452855441, 25.411859768925122, 3.6348928352152576, 0.0142, 0.0142, 0.0
7.178631099051183, 16.29987561081866, 6.760012074843774, 0.0142, 0.0142, 0.0
5.133758616570201, 2.1966032413847025, 2.4075704041364436, 0.0142, 0.0142, 0.0
5.8105813731863325, 3.175766064462854, 3.1541995072972266, 0.0142, 0.0142, 0.0
14.808167810256691, 9.943254455207015, 4.576271735327301, 0.0142, 0.0142, 0.0
5.921340736264892, 8.033116006978299, 2.48299580434997, 0.0142, 0.0142, 0.0
29.106181300557456, 36.66391195964989, 7.49514323697519, 0.0142, 0.0142, 0.0
5.295168513901096, 10.238936420640208, 2.3727940648578296, 0.0142, 0.0142, 0.0
8.434860701325453, 1.9245524654892363, 2.3369304412324867, 0.0142, 0.0142, 0.0
6.090920780549215, 7.1684109676636165, 2.4409151483668716, 0.0142, 0.0142, 0.0
6.840004585853273, 55.26906998360609, 4.026126322013427, 0.0142, 0.0142, 0.0
30.323217254467675, 0.1398515035323821, 25.59432592773667, 0.0142, 0.0142, 0.0
12.328683001514428, 2.973495437542921, 8.730809755431904, 0.0142, 0.0142, 0.0
7.097447041194282, 0.19807640185545514, 6.231571325638662, 0.0142, 0.0142, 0.0
9.019960205476265, 0.6128960606527087, 8.163988230240362, 0.0142, 0.0142, 0.0
5.985333290702879, 0.042955615940537505, 1.6849395230570605, 0.0142, 0.0142, 0.0
8.167054395187177, 0.4477897964483565, 8.089959396885027, 0.0142, 0.0142, 0.0
10.385494775788972, 4.856549462590591, 9.1798366704495, 0.0142, 0.0142, 0.0
12.255739575981158, 0.22272419445077243, 2.8742412610963672, 0.0142, 0.0142, 0.0
6.949331520222021, 11.198419593145678, 3.4545082477545566, 0.0142, 0.0142, 0.0
9.128582277325908, 31.23406595245805, 3.6413475133444213, 0.0142, 0.0142, 0.0
5.961563914457703, 0.039178226727426484, 2.729879530264449, 0.0142, 0.0142, 0.0
7.7815304469705735, 0.03280200380554614, 1.761905664463376, 0.0142, 0.0142, 0.0
5.294672187999634, 21.418830707240193, 2.5565222557347216, 0.0142, 0.0142, 0.0
17.60529918732881, 0.5427335442643805, 16.980074460645483, 0.0142, 0.0142, 0.0
19.752394920239833, 12.092228922786541, 7.471954455907195, 0.0142, 0.0142, 0.0
6.6267082389921335, 0.04008244958245099, 5.514555401026115, 0.0142, 0.0142, 0.0
10.099107627487712, 0.8432876469594152, 5.67206321910941, 0.0142, 0.0142, 0.0
5.818331980741631, 0.029202158123536097, 1.660336233953406, 0.0142, 0.0142, 0.0
8.073723867512845, 0.800048952710417, 2.8751348514020827, 0.0142, 0.0142, 0.0
9.713549689595917, 0.1935793713486182, 2.746576818649212, 0.0142, 0.0142, 0.0
29.42744648569187, 22.181052289801745, 23.14440702759188, 0.0142, 0.0142, 0.0
5.019567930048581, 14.895014476615822, 1.9671972215436804, 0.0142, 0.0142, 0.0
6.661272132208481, 86.86280963652852, 2.5367014209907026, 0.0142, 0.0142, 0.0
11.246961399210722, 0.17108463344231745, 7.014870821865517, 0.0142, 0.0142, 0.0
8.509075012337307, 0.6863069234225162, 5.8972665123972225, 0.0142, 0.0142, 0.0
12.22719582020538, 0.8168325359715026, 8.510292826792384, 0.0142, 0.0142, 0.0
5.525146291569707, 0.07591436986714807, 3.2592199844668874, 0.0142, 0.0142, 0.0
5.794610980465525, 0.05334412110839436, 5.259588859691677, 0.0142, 0.0142, 0.0
5.417336940935611, 0.3363005028821238, 3.8865100753027213, 0.0142, 0.0142, 0.0
17.79740028566207, 0.7206532034471734, 13.521903775715835, 0.0142, 0.0142, 0.0
9.908575033465521, 17.488887073816812, 5.908106495934025, 0.0142, 0.0142, 0.0
5.895042941206197, 75.69459641804745, 5.3578296893021635, 0.0142, 0.0142, 0.0
41.615697560881316, 30.113996455285992, 30.189361233721776, 0.0142, 0.0142, 0.0
11.24890456342372, 5.05637422608913, 3.71341686492929, 0.0142, 0.0142, 0.0
5.4960987308975815, 39.12154943255886, 4.852641540968434, 0.0142, 0.0142, 0.0
10.56403002921271, 0.09724905878148188, 6.682030184144781, 0.0142, 0.0142, 0.0
7.181448733459677, 0.055864398336714034, 2.543024416695116, 0.0142, 0.0142, 0.0
28.425529342291217, 4.606069900722823, 27.420012851148588, 0.0142, 0.0142, 0.0
9.209125062843887, 0.37867966018445076, 4.777649916151837, 0.0142, 0.0142, 0.0
5.735954621528325, 52.51076948958755, 1.339347877794885, 0.0142, 0.0142, 0.0
18.432047967691222, 26.149584217131224, 12.543915589997274, 0.0142, 0.0142, 0.0
30.351159394748827, 0.4128444024071896, 28.464906343356166, 0.0142, 0.0142, 0.0
11.14251898449769, 1.4681642034067452, 10.391931510590215, 0.0142, 0.0142, 0.0
5.582155397618184, 1.2477795876876723, 5.259154463737497, 0.0142, 0.0142, 0.0
8.484356841915167, 0.07789835883508181, 2.8645154436880964, 0.0142, 0.0142, 0.0
6.318092713303995, 1.7385578191638422, 3.436602316251927, 0.0142, 0.0142, 0.0
6.578380504199257, 17.278828159974505, 3.0662686770262586, 0.0142, 0.0142, 0.0
8.220616782383772, 0.10549360747576711, 4.537763155137238, 0.0142, 0.0142, 0.0
47.318198075859165, 2.6257457489646896, 27.67341371378325, 0.0142, 0.0142, 0.0
10.275880823835916, 0.06773321626808508, 3.0875316283094434, 0.0142, 0.0142, 0.0
29.174848033257796, 36.562088838432686, 23.883352999531322, 0.0142, 0.0142, 0.0
9.037897823277488, 0.05317788937806495, 7.9451561488759745, 0.0142, 0.0142, 0.0
12.552151726411621, 4.745907607047288, 8.616894298653843, 0.0142, 0.0142, 0.0
13.06777611660074, 1.1337375827697431, 2.617028168228342, 0.0142, 0.0142, 0.0
31.012316279032937, 12.35162060688491, 9.287101520830786, 0.0142, 0.0142, 0.0
8.576297343292087, 65.8592635537315, 4.7039325567344745, 0.0142, 0.0142, 0.0
6.138387527126343, 0.03140702713021377, 1.5641763190514861, 0.0142, 0.0142, 0.0
17.744825883989645, 2.066110755447025, 6.710389474034662, 0.0142, 0.0142, 0.0
24.005255461512863, 1.108430408788723, 19.698693018824613, 0.0142, 0.0142, 0.0
7.711250308103972, 14.794594272015182, 1.6556782398469587, 0.0142, 0.0142, 0.0
14.526891922090334, 1.4469653051312141, 12.204764472655947, 0.0142, 0.0142, 0.0
5.30852360036204, 0.20745175310181022, 2.8791320396260156, 0.0142, 0.0142, 0.0
8.814898184946259, 0.2669070068827207, 8.380552301908883, 0.0142, 0.0142, 0.0
6.440014427865444, 0.049728970282308375, 2.652113039385284, 0.0142, 0.0142, 0.0
5.365638452256267, 0.34320732869382475, 3.9511660987984687, 0.0142, 0.0142, 0.0
5.545490079062218, 0.09194627624067037, 3.7244485419029107, 0.0142, 0.0142, 0.0
6.692770796094082, 10.794802279015038, 4.8221426787798665, 0.0142, 0.0142, 0.0
15.144382133171082, 18.282196028275322, 3.481949095423141, 0.0142, 0.0142, 0.0
12.265186880203066, 24.28034449287545, 5.752878113248767, 0.0142, 0.0142, 0.0
15.263286671122673, 0.056632530482150986, 9.483389719507363, 0.0142, 0.0142, 0.0
6.56224141473963, 18.02052299701908, 1.5569909148651933, 0.0142, 0.0142, 0.0
15.367715162681371, 1.3564692788821247, 14.90279735148281, 0.0142, 0.0142, 0.0
17.040973815807103, 54.29114004044473, 13.989119664014476, 0.0142, 0.0142, 0.0
5.499018100748119, 0.039979074919322684, 5.071260617051137, 0.0142, 0.0142, 0.0
7.980276545352583, 0.5928956503041662, 2.5770537320005396, 0.0142, 0.0142, 0.0
8.97346135473449, 0.06711077749612776, 5.625553240378442, 0.0142, 0.0142, 0.0
5.245245758022364, 3.042689718808105, 4.414889221711065, 0.0142, 0.0142, 0.0
13.803317322611703, 29.991995528990504, 3.2190339311462415, 0.0142, 0.0142, 0.0
13.015481050332703, 30.4795181220182, 12.312552697626291, 0.0142, 0.0142, 0.0
6.047495094918021, 1.2955760084617418, 3.1591552785164945, 0.0142, 0.0142, 0.0
8.192081642979845, 0.09897647051487823, 5.4142166977011215, 0.0142, 0.0142, 0.0
7.91409101747096, 44.51704609814824, 2.959526798796561, 0.0142, 0.0142, 0.0
21.97248324260382, 3.330577742096434, 8.474677445895617, 0.0142, 0.0142, 0.0
15.44524059351708, 0.38921367167340565, 13.103610148246881, 0.0142, 0.0142, 0.0
9.50237082681944, 40.51689928998212, 6.343993504816806, 0.0142, 0.0142, 0.0
42.57420258985036, 1.6695089538438654, 33.229231554897595, 0.0142, 0.0142, 0.0
5.29530449112928, 74.93885709426345, 3.1625368234394275, 0.0142, 0.0142, 0.0
37.740191137310426, 0.7803418281699417, 17.732630341647255, 0.0142, 0.0142, 0.0
8.66684342128374, 5.797886128624799, 8.331273162949273, 0.0142, 0.0142, 0.0
12.579138939052175, 0.22102609245171284, 5.8723585065070685, 0.0142, 0.0142, 0.0
8.04973811982252, 96.14293030007427, 4.634219925919755, 0.0142, 0.0142, 0.0
23.524188426507468, 0.20486049005605947, 14.706592268365984, 0.0142, 0.0142, 0.0
22.085774913576923, 79.35340076709832, 16.943637260958823, 0.0142, 0.0142, 0.0
10.987251366910295, 1.8351278798828046, 8.19177256503508, 0.0142, 0.0142, 0.0
15.177731296768648, 1.0508854362711328, 5.757049152055887, 0.0142, 0.0142, 0.0
9.57403500370365, 0.38822954734568293, 7.440969824034791, 0.0142, 0.0142, 0.0
7.344036547322378, 1.860779089310941, 3.314389921930429, 0.0142, 0.0142, 0.0
7.3794862332482705, 3.423666384916487, 4.424950127108357, 0.0142, 0.0142, 0.0
15.16652447154535, 4.197529593240716, 14.430035642875396, 0.0142, 0.0142, 0.0
13.319348147117921, 1.8005542556934857, 13.149836703333246, 0.0142, 0.0142, 0.0
6.350572840689712, 0.04201582675056212, 4.74018269386998, 0.0142, 0.0142, 0.0
11.824421265637055, 21.40142821392028, 4.245625601777087, 0.0142, 0.0142, 0.0
31.433521844676942, 53.87273187492297, 25.014204210840695, 0.0142, 0.0142, 0.0
5.702198129856698, 0.8877177819852844, 2.525958067428226, 0.0142, 0.0142, 0.0
10.862645199831004, 0.5273595015024442, 5.620768016436806, 0.0142, 0.0142, 0.0
7.834566042192157, 1.1259560847327723, 5.333938403798328, 0.0142, 0.0142, 0.0
10.783265672460162, 0.07598237451354409, 5.756034720594539, 0.0142, 0.0142, 0.0
7.856613453315201, 1.5146085649712806, 3.141525280369198, 0.0142, 0.0142, 0.0
7.073943842797493, 64.56318228872901, 3.7282835707689572, 0.0142, 0.0142, 0.0
7.505540275128297, 15.658648833302987, 7.101925200333897, 0.0142, 0.0142, 0.0
8.277817037752712, 0.2720165489327124, 5.634726012727903, 0.0142, 0.0142, 0.0
5.111728757599837, 15.697427236091107, 2.4133518656369457, 0.0142, 0.0142, 0.0
7.284479274926361, 0.03878502770761088, 6.074282661593625, 0.0142, 0.0142, 0.0
8.981972879938427, 13.748395846512027, 4.99982847584901, 0.0142, 0.0142, 0.0
7.414683909573032, 1.5947141131617293, 5.00373052001967, 0.0142, 0.0142, 0.0
8.205910285029079, 16.266417052919977, 2.5868621895283814, 0.0142, 0.0142, 0.0
42.52145371778687, 0.8056807812248215, 29.82958372135701, 0.0142, 0.0142, 0.0
10.857503991063979, 66.35599618817363, 9.499403980038432, 0.0142, 0.0142, 0.0
15.566668968007061, 13.752428624978501, 4.729821491516107, 0.0142, 0.0142, 0.0
6.910109474922458, 0.43707864596851115, 5.976527764648775, 0.0142, 0.0142, 0.0
8.345514602864913, 0.05690713375748374, 6.335984409594573, 0.0142, 0.0142, 0.0
7.424262583677624, 0.16948911521489843, 7.327323086185746, 0.0142, 0.0142, 0.0
12.578583212966508, 0.6023152103923392, 11.931693329593811, 0.0142, 0.0142, 0.0
6.133145754096895, 0.1955691946399207, 2.342570871970883, 0.0142, 0.0142, 0.0
7.967327641610558, 0.19933019824388343, 6.928806520588848, 0.0142, 0.0142, 0.0
27.29035774764849, 1.5736286459196338, 16.88497967278015, 0.0142, 0.0142, 0.0
9.661773614631343, 11.768044140694892, 5.346448237429407, 0.0142, 0.0142, 0.0
18.090404040281367, 1.2692275510101905, 5.70447016190056, 0.0142, 0.0142, 0.0
14.241645875861941, 91.022438352667, 6.199972909460366, 0.0142, 0.0142, 0.0
9.42431888357565, 0.08735211432370697, 2.0790355298457643, 0.0142, 0.0142, 0.0
7.741747610221998, 0.08332067944248488, 4.145511076737602, 0.0142, 0.0142, 0.0
6.125757400535889, 16.625790418649245, 2.772193781411755, 0.0142, 0.0142, 0.0
22.483217276487544, 28.75576804472419, 15.001434944655632, 0.0142, 0.0142, 0.0
6.883424998827745, 0.13836272300580651, 2.6105936324571615, 0.0142, 0.0142, 0.0
7.352473849943758, 0.04277198390666263, 3.2711574970797717, 0.0142, 0.0142, 0.0
12.575257509931742, 47.04080666770185, 12.463321857842022, 0.0142, 0.0142, 0.0
14.2590612744177, 0.2593057430582828, 10.358514032438313, 0.0142, 0.0142, 0.0
14.422903599340275, 2.0775072609364114, 13.468726734145433, 0.0142, 0.0142, 0.0
6.315294000055889, 1.289142568582724, 3.9706255356660916, 0.0142, 0.0142, 0.0
7.800531183255364, 0.6681799936908436, 4.204399866409116, 0.0142, 0.0142, 0.0
7.014112040789438, 26.41780847779821, 6.365247645186316, 0.0142, 0.0142, 0.0
8.809674501658405, 0.7280450537248306, 2.582164334893314, 0.0142, 0.0142, 0.0
13.01640103433349, 0.32011648650956603, 11.944004464726044, 0.0142, 0.0142, 0.0
7.416224563330378, 0.22695148228136378, 1.6285341510258915, 0.0142, 0.0142, 0.0
20.52421248864105, 78.53384467462494, 19.28984202102409, 0.0142, 0.0142, 0.0
5.256450659794692, 0.9532872927357495, 1.8797392565679245, 0.0142, 0.0142, 0.0
6.8583756497340564, 2.4773720339060272, 2.328823221541613, 0.0142, 0.0142, 0.0
23.992714274124644, 5.708046166031147, 14.728590784245728, 0.0142, 0.0142, 0.0
5.114021278811849, 0.2874312742423509, 4.5958177628114685, 0.0142, 0.0142, 0.0
14.429499347056863, 11.725393936038788, 12.263104617317634, 0.0142, 0.0142, 0.0
9.647091731591505, 42.93260858809877, 4.964110102134955, 0.0142, 0.0142, 0.0
6.043767323159403, 0.6482207194238175, 3.6387727377408496, 0.0142, 0.0142, 0.0
10.126533720460458, 14.023603769969483, 2.8696761134148767, 0.0142, 0.0142, 0.0
13.118053138635865, 0.35504299731364913, 6.083516825333748, 0.0142, 0.0142, 0.0
5.795383894044945, 56.30579573927164, 2.3847795379403487, 0.0142, 0.0142, 0.0
24.861412233418818, 0.6007722661758874, 16.12102404757271, 0.0142, 0.0142, 0.0
5.7971961123401305, 8.249552869538332, 4.2816994548721805, 0.0142, 0.0142, 0.0
7.723119882160541, 0.8645097009380356, 6.961553478495366, 0.0142, 0.0142, 0.0
6.32289076454593, 32.90541701933206, 3.801494580600649, 0.0142, 0.0142, 0.0
14.154364710341211, 24.225524227922225, 14.115879595635702, 0.0142, 0.0142, 0.0
6.878766157625321, 27.56075686477222, 2.8489854950006954, 0.0142, 0.0142, 0.0
11.490493471377762, 0.4380163216245463, 3.7230894868354563, 0.0142, 0.0142, 0.0
6.569837967140385, 3.1866900249002925, 3.4253830903330535, 0.0142, 0.0142, 0.0
6.634792092144277, 19.99822851693341, 4.409096137736587, 0.0142, 0.0142, 0.0
21.27910732083749, 0.09226813967623854, 21.06407111931367, 0.0142, 0.0142, 0.0
6.8031233977436045, 0.5388742811442198, 4.3246015974517995, 0.0142, 0.0142, 0.0
10.834842608943587, 2.60347342629704, 5.460898716933723, 0.0142, 0.0142, 0.0
6.064629834472021, 0.2194430119283979, 5.693061195793754, 0.0142, 0.0142, 0.0
5.594672117556529, 7.007760427839331, 5.538982211124494, 0.0142, 0.0142, 0.0
6.268897313261504, 0.12129908668667354, 2.4983151707294495, 0.0142, 0.0142, 0.0
5.088371513594072, 0.18811977242523056, 3.705752588671163, 0.0142, 0.0142, 0.0
6.8186159156899535, 30.03385652881143, 5.471174477189612, 0.0142, 0.0142, 0.0
5.360594564730004, 6.284134608820954, 5.1884549190730285, 0.0142, 0.0142, 0.0
10.41134088742066, 65.82674178907223, 6.91220041609103, 0.0142, 0.0142, 0.0
31.583078842692565, 2.2897010014989183, 20.05392315419921, 0.0142, 0.0142, 0.0
15.365145924699787, 13.56219845404792, 14.338661071250854, 0.0142, 0.0142, 0.0
38.40453508997871, 23.13968762602356, 25.25078515513519, 0.0142, 0.0142, 0.0
7.585207007982928, 9.16323477164328, 3.4971688523106623, 0.0142, 0.0142, 0.0
10.191453479559618, 17.816341654648326, 5.678828935649335, 0.0142, 0.0142, 0.0
5.349127547634252, 0.34405637672409495, 5.028641082169849, 0.0142, 0.0142, 0.0
6.649842313723347, 97.15870551723022, 2.6548028849904926, 0.0142, 0.0142, 0.0
12.027603638625456, 5.035699715571636, 6.012956735430545, 0.0142, 0.0142, 0.0
9.355228801428135, 38.8381175724506, 8.54469814176228, 0.0142, 0.0142, 0.0
5.46368550908558, 2.3470165534822818, 3.7915010206898914, 0.0142, 0.0142, 0.0
9.010975081859584, 1.3937386497069801, 7.4876678730269015, 0.0142, 0.0142, 0.0
8.296528889240951, 0.1456586620076134, 3.2264676769467884, 0.0142, 0.0142, 0.0
6.427304512723379, 0.7639403101978112, 1.8689647644558276, 0.0142, 0.0142, 0.0
23.277566979173685, 1.3655964019347564, 14.529621376051338, 0.0142, 0.0142, 0.0
9.054081901539009, 3.4747471984483567, 2.699608358149169, 0.0142, 0.0142, 0.0
5.299901777988586, 2.6676000264144983, 2.32613569737202, 0.0142, 0.0142, 0.0
47.792678777214704, 0.1532884474461281, 14.481256118297123, 0.0142, 0.0142, 0.0
7.617456508739758, 0.32726805818124044, 7.12916984782792, 0.0142, 0.0142, 0.0
8.487367489983601, 0.34551593343548737, 4.852657843118503, 0.0142, 0.0142, 0.0
10.850856864012266, 0.9822188550452241, 7.870577746216889, 0.0142, 0.0142, 0.0
5.154638859012983, 0.7213558837921666, 3.8671450045436186, 0.0142, 0.0142, 0.0
5.7550149123552865, 0.41973216720698164, 5.1545294329072915, 0.0142, 0.0142, 0.0
7.372588927827006, 0.9351253812454621, 4.495230309859574, 0.0142, 0.0142, 0.0
6.314466553643835, 15.023932047638716, 2.983791649130148, 0.0142, 0.0142, 0.0
17.01927510387923, 23.780949550181475, 5.917143641045107, 0.0142, 0.0142, 0.0
8.725095620536369, 62.773504679197714, 5.315239115418707, 0.0142, 0.0142, 0.0
6.906335079960919, 0.6561381405905808, 5.224717046516512, 0.0142, 0.0142, 0.0
18.99036254738985, 0.15308539676811972, 12.1468518405774, 0.0142, 0.0142, 0.0
16.43479230830623, 0.8780638867579011, 7.380326237915703, 0.0142, 0.0142, 0.0
5.697370932236458, 1.282735821732036, 2.808443315908056, 0.0142, 0.0142, 0.0
17.251239934026213, 5.972657218016189, 6.44425446040562, 0.0142, 0.0142, 0.0
7.477427651062415, 98.42218480516478, 6.252984505474032, 0.0142, 0.0142, 0.0
8.379801335167418, 3.4336028622586237, 4.480545332796628, 0.0142, 0.0142, 0.0
7.499484360732761, 0.1510233649738179, 7.094821271993046, 0.0142, 0.0142, 0.0
5.826562041418729, 88.82392853080698, 4.514181532126677, 0.0142, 0.0142, 0.0
19.554790632899874, 3.520063768757589, 9.927813497494622, 0.0142, 0.0142, 0.0
5.313090280050054, 0.08202027419706061, 5.052922900530452, 0.0142, 0.0142, 0.0
12.024518331699703, 66.09191551904813, 11.242906688753196, 0.0142, 0.0142, 0.0
12.784477593293966, 10.125998807993994, 11.09233882127128, 0.0142, 0.0142, 0.0
5.300844173926571, 0.09658002091461082, 1.3636933135341898, 0.0142, 0.0142, 0.0
8.538051874217317, 0.6527030773002357, 6.923515560207875, 0.0142, 0.0142, 0.0
11.342873366834953, 5.308449321074081, 7.43097020526404, 0.0142, 0.0142, 0.0
5.730505089864745, 0.3816643530382881, 3.377102063716343, 0.0142, 0.0142, 0.0
8.948319933953632, 90.50426260336361, 6.853142432143572, 0.0142, 0.0142, 0.0
11.017090320165785, 1.6625173288668489, 2.6409944803060186, 0.0142, 0.0142, 0.0
15.89013791687481, 0.24050601641964153, 4.576510512330207, 0.0142, 0.0142, 0.0
35.79270031518811, 25.33307930051349, 13.020289263772467, 0.0142, 0.0142, 0.0
7.77631488024313, 0.07224757056373621, 1.7848317658385744, 0.0142, 0.0142, 0.0
5.642400274891448, 25.517288450117647, 5.414488099749341, 0.0142, 0.0142, 0.0
6.13049500240295, 65.80894386922145, 2.2294060893079, 0.0142, 0.0142, 0.0
8.012420846913885, 0.3321599891022238, 2.1750484147742055, 0.0142, 0.0142, 0.0
8.748443622307283, 0.7652070687640309, 3.0069643523316003, 0.0142, 0.0142, 0.0
5.9854281495770945, 3.487964887647849, 3.231825475899016, 0.0142, 0.0142, 0.0
5.155111474701155, 0.6784141737814687, 3.9616187126486917, 0.0142, 0.0142, 0.0
5.092370984383491, 22.10110164538383, 4.9106719491617765, 0.0142, 0.0142, 0.0
5.190073904015401, 32.74311532533329, 2.520890170682935, 0.0142, 0.0142, 0.0
6.101032884790215, 0.08240387649711675, 4.896831215096358, 0.0142, 0.0142, 0.0
5.351578885271106, 2.866768252434572, 2.1965846063565033, 0.0142, 0.0142, 0.0
10.889080543625113, 0.04722819636798769, 3.657969117364455, 0.0142, 0.0142, 0.0
15.221193385462827, 7.421436850059191, 13.734106189137613, 0.0142, 0.0142, 0.0
15.25642562854974, 13.32668040830554, 3.774626257196757, 0.0142, 0.0142, 0.0
30.987302308513108, 0.4220157705495635, 10.716728516105864, 0.0142, 0.0142, 0.0
5.057657014705372, 0.13815643815520134, 4.424742345540043, 0.0142, 0.0142, 0.0
5.5762477168654385, 0.8509528776699331, 3.593818226193717, 0.0142, 0.0142, 0.0
6.515443533520637, 0.20176229093324963, 3.6470571254799027, 0.0142, 0.0142, 0.0
5.2099685721949465, 1.2485048951947684, 1.6664432351496334, 0.0142, 0.0142, 0.0
5.093119234973719, 0.44197353971655745, 1.6048095331845538, 0.0142, 0.0142, 0.0
9.010686313963244, 0.1040662856286062, 3.166161233477994, 0.0142, 0.0142, 0.0
16.065426749650108, 6.531876464668724, 15.14105464514536, 0.0142, 0.0142, 0.0
6.370374969571217, 1.7857755807626965, 3.84245314850451, 0.0142, 0.0142, 0.0
7.17380855323505, 3.1235834988168096, 4.875584656429729, 0.0142, 0.0142, 0.0
6.62066604447527, 0.48796057694508316, 5.063785596139436, 0.0142, 0.0142, 0.0
5.398896345488503, 73.4146587012938, 1.3854392812066147, 0.0142, 0.0142, 0.0
14.880556201408542, 46.23229268144115, 6.002744898923496, 0.0142, 0.0142, 0.0
7.551585474399582, 0.6932139511821719, 4.554074292354566, 0.0142, 0.0142, 0.0
24.101841320911987, 0.7752907193212858, 6.75037815917872, 0.0142, 0.0142, 0.0
37.304026150162876, 1.9389522409819846, 33.04069407165449, 0.0142, 0.0142, 0.0
7.287805647979881, 97.57048156877987, 1.9518317706248154, 0.0142, 0.0142, 0.0
5.741464509481082, 1.0245637693246978, 5.098726942167252, 0.0142, 0.0142, 0.0
25.351135673195337, 0.9808610674742612, 14.56160003347782, 0.0142, 0.0142, 0.0
6.840303962972552, 5.29762542228824, 2.6677603468786955, 0.0142, 0.0142, 0.0
5.40879816879387, 0.16634473944302708, 2.499653322127331, 0.0142, 0.0142, 0.0
5.077840561065738, 0.0836401618986627, 3.4716515497920164, 0.0142, 0.0142, 0.0
